# File produced by Open Asset Import Library (http://www.assimp.sf.net)
# (assimp v5.0.1588609223)

mtllib result.mtl

# 2398 vertex positions
v  1.335104 25.746853 -12.600147
v  1.3047308 25.648861 -12.365528
v  2.9020176 25.648861 -11.791519
v  2.9763837 25.746853 -12.006306
v  1.2921499 25.412281 -12.268345
v  2.8712175 25.412281 -11.702793
v  1.3047308 25.175701 -12.365528
v  2.9020178 25.175701 -11.791519
v  1.335104 25.077709 -12.600147
v  2.9763837 25.077709 -12.006306
v  1.3654772 25.175701 -12.83477
v  3.05074 25.175701 -12.220383
v  1.3780582 25.412281 -12.931953
v  3.0815275 25.412281 -12.308136
v  1.3654772 25.648861 -12.83477
v  3.05074 25.648861 -12.220383
v  4.5396104 25.648861 -10.882202
v  4.6453266 25.746853 -11.066643
v  4.4954348 25.412281 -10.805256
v  4.5396104 25.175701 -10.882202
v  4.6453266 25.077709 -11.066643
v  4.7488217 25.175701 -11.247616
v  4.7887154 25.412281 -11.315342
v  4.7488217 25.648861 -11.247616
v  6.30059 25.648861 -10.281673
v  6.4378147 25.746853 -10.463913
v  6.2437367 25.412281 -10.206173
v  6.30059 25.175701 -10.281673
v  6.4378147 25.077709 -10.463913
v  6.5749969 25.175701 -10.646099
v  6.6318078 25.412281 -10.72155
v  6.5749969 25.648861 -10.646099
v  7.7758121 25.648861 -9.4484215
v  7.9375458 25.746853 -9.6210823
v  7.7088199 25.412281 -9.3769035
v  7.7758121 25.175701 -9.4484215
v  7.9375458 25.077709 -9.6210823
v  8.0992794 25.175701 -9.7937431
v  8.1662712 25.412281 -9.8652611
v  8.0992794 25.648861 -9.7937431
v  8.933567 25.648861 -8.2523232
v  9.1115971 25.746853 -8.4081268
v  8.8598251 25.412281 -8.1877861
v  8.933567 25.175701 -8.2523232
v  9.1115971 25.077709 -8.4081268
v  9.2896271 25.175701 -8.5639305
v  9.363369 25.412281 -8.6284676
v  9.2896271 25.648861 -8.5639305
v  9.9505577 25.648861 -6.9428368
v  10.141372 25.746853 -7.0686874
v  9.8692827 25.412281 -6.888092
v  9.9451571 25.175701 -6.9365158
v  10.12533 25.077709 -7.0499077
v  10.295341 25.175701 -7.1514091
v  10.376616 25.412281 -7.2061577
v  10.321545 25.648861 -7.1820793
v  10.544153 25.648861 -5.2678757
v  10.751753 25.746853 -5.3524475
v  10.458256 25.412281 -5.2329559
v  10.54168 25.175701 -5.2649803
v  10.740803 25.077709 -5.3396301
v  10.932024 25.175701 -5.4050255
v  11.018049 25.412281 -5.4400978
v  10.95096 25.648861 -5.4271927
v  10.717931 25.648861 -3.2601929
v  10.936246 25.746853 -3.3174667
v  10.627354 25.412281 -3.2362938
v  10.717339 25.175701 -3.2594986
v  10.934416 25.077709 -3.3153229
v  11.14714 25.175701 -3.3660583
v  11.23296 25.412281 -3.384388
v  11.151798 25.648861 -3.3715134
v  11.351207 25.648411 -1.0809822
v  11.545848 25.746853 -1.1952286
v  11.269974 25.411625 -1.0346146
v  11.350567 25.175209 -1.0819511
v  11.544909 25.077652 -1.1966438
v  11.742047 25.176193 -1.3090553
v  11.823897 25.413029 -1.3553123
v  11.742767 25.649384 -1.308033
v  11.942672 25.647533 -0.32672882
v  12.076071 25.746849 -0.52815247
v  11.885622 25.410355 -0.24610519
v  11.94079 25.174252 -0.3295784
v  12.07331 25.077541 -0.53231049
v  12.214053 25.177143 -0.72833252
v  12.272917 25.414482 -0.80864334
v  12.216173 25.650402 -0.72533798
v  13.18139 25.74688 -0.90415955
v  13.349681 25.658184 -0.75434113
v  13.534504 25.668583 -2.2661896
v  13.300094 25.76701 -2.2387772
v  13.418888 25.425907 -0.67867661
v  13.632674 25.432144 -2.266407
v  13.352279 25.185799 -0.72743607
v  13.537101 25.196198 -2.2392883
v  13.185062 25.078827 -0.86611557
v  13.303765 25.098957 -2.2007294
v  13.017517 25.166538 -1.0333023
v  13.069354 25.197384 -2.173317
v  12.944942 25.398655 -1.1114349
v  12.971182 25.433823 -2.1731033
v  13.014921 25.638924 -1.0602036
v  13.066759 25.669769 -2.2002182
v  12.580552 25.746853 -0.30614853
v  12.603854 25.648861 -0.56338882
v  12.569115 25.648861 -0.046585083
v  12.56262 25.412281 0.059131622
v  12.569115 25.175701 -0.046585083
v  12.580552 25.077709 -0.30614853
v  12.603854 25.175701 -0.56338882
v  12.612678 25.412281 -0.67034149
v  0.0099220835 25.746853 -12.657108
v  0.0099220835 25.648857 -12.421078
v  0.0099220835 25.412281 -12.323303
v  0.0099220835 25.175701 -12.421078
v  0.0099220835 25.077705 -12.657108
v  0.0099220835 25.175705 -12.893147
v  0.0099220835 25.412281 -12.99091
v  0.0099220835 25.648861 -12.893147
v  -1.3152599 25.746853 -12.600147
v  -3.136754 25.746853 -12.339443
v  -3.075803 25.648861 -12.123566
v  -1.2848867 25.648861 -12.365528
v  -3.0503089 25.412281 -12.033981
v  -1.2723058 25.412281 -12.268345
v  -3.0758033 25.175701 -12.123566
v  -1.2848867 25.175701 -12.365528
v  -3.136754 25.077709 -12.339443
v  -1.3152599 25.077709 -12.600147
v  -3.1943884 25.175701 -12.553207
v  -1.3456331 25.175701 -12.83477
v  -3.2111514 25.412281 -12.637207
v  -1.3582141 25.412281 -12.931953
v  -3.1943884 25.648861 -12.553207
v  -1.3456331 25.648861 -12.83477
v  -5.1896567 25.746853 -11.669132
v  -5.085207 25.648861 -11.480522
v  -5.041945 25.412281 -11.39967
v  -5.085207 25.175701 -11.480522
v  -5.1896567 25.077709 -11.669132
v  -5.2940207 25.175701 -11.85611
v  -5.3372321 25.412281 -11.93259
v  -5.2940207 25.648861 -11.85611
v  -6.8866248 25.746853 -10.526089
v  -6.7437773 25.648861 -10.346745
v  -6.6846151 25.412281 -10.271893
v  -6.7437773 25.175701 -10.346745
v  -6.8866248 25.077709 -10.526089
v  -7.0294852 25.175701 -10.704479
v  -7.088686 25.412281 -10.776371
v  -7.0294847 25.648861 -10.704479
v  -8.1761541 25.746853 -9.389019
v  -8.0144205 25.648861 -9.2163582
v  -7.9474287 25.412281 -9.1448402
v  -8.0144205 25.175701 -9.2163582
v  -8.1761541 25.077709 -9.389019
v  -8.3378878 25.175701 -9.5616798
v  -8.4048805 25.412281 -9.6331978
v  -8.3378878 25.648861 -9.5616798
v  -9.3430252 25.746853 -8.1714706
v  -9.1436691 25.648861 -8.0020294
v  -9.0912533 25.412281 -7.9511299
v  -9.1721754 25.175701 -8.0202599
v  -9.3502054 25.077709 -8.1760635
v  -9.5282354 25.175701 -8.3318672
v  -9.6019773 25.412281 -8.3964043
v  -9.5282354 25.648861 -8.3318672
v  -10.095291 25.746853 -6.6574402
v  -9.8945045 25.648861 -6.5223465
v  -9.8325138 25.412281 -6.4799347
v  -9.9176321 25.175701 -6.5371361
v  -10.105 25.077709 -6.6636505
v  -10.292447 25.175701 -6.7902145
v  -10.370034 25.412281 -6.8426056
v  -10.292447 25.648861 -6.7902145
v  -10.399122 25.746853 -4.8539619
v  -10.201446 25.648861 -4.7709465
v  -10.120022 25.412281 -4.7368584
v  -10.208045 25.175701 -4.7751694
v  -10.413988 25.077709 -4.8634682
v  -10.614492 25.175701 -4.9482841
v  -10.690461 25.412281 -4.9788933
v  -10.607399 25.648861 -4.9437485
v  -10.801978 25.746853 -3.1602974
v  -10.575155 25.648861 -3.0930634
v  -10.481202 25.412281 -3.0652122
v  -10.575155 25.175701 -3.0930634
v  -10.801978 25.077709 -3.1602974
v  -11.028802 25.175701 -3.2275352
v  -11.122755 25.412281 -3.2553864
v  -11.028801 25.648861 -3.2275352
v  -11.545848 25.746853 -1.1952286
v  -11.351207 25.648411 -1.0809822
v  -11.269974 25.411625 -1.0346146
v  -11.350567 25.175209 -1.0819511
v  -11.544909 25.077652 -1.1966438
v  -11.742047 25.176193 -1.3090553
v  -11.823897 25.413029 -1.3553123
v  -11.742767 25.649384 -1.308033
v  -12.076071 25.746849 -0.52815247
v  -11.942672 25.647533 -0.32672882
v  -11.885622 25.410355 -0.24610519
v  -11.94079 25.174252 -0.3295784
v  -12.07331 25.077541 -0.53231049
v  -12.214053 25.177143 -0.72833252
v  -12.272917 25.414482 -0.80864334
v  -12.216173 25.650402 -0.72533798
v  -13.18139 25.74688 -0.90415955
v  -13.300094 25.76701 -2.2387772
v  -13.534504 25.668583 -2.2661896
v  -13.349681 25.658184 -0.75434113
v  -13.632674 25.432144 -2.266407
v  -13.418888 25.425907 -0.67867661
v  -13.537101 25.196198 -2.2392883
v  -13.352279 25.185799 -0.72743607
v  -13.303765 25.098957 -2.2007294
v  -13.185062 25.078827 -0.86611557
v  -13.069354 25.197384 -2.173317
v  -13.017517 25.166538 -1.0333023
v  -12.971182 25.433823 -2.1731033
v  -12.944942 25.398655 -1.1114349
v  -13.066759 25.669769 -2.2002182
v  -13.014921 25.638924 -1.0602036
v  -12.603854 25.648861 -0.56338882
v  -12.580552 25.746853 -0.30614853
v  -12.569115 25.648861 -0.046585083
v  -12.56262 25.412281 0.059131622
v  -12.569115 25.175701 -0.046585083
v  -12.580552 25.077709 -0.30614853
v  -12.603854 25.175701 -0.56338882
v  -12.612678 25.412281 -0.67034149
v  13.201507 25.660347 -2.9623642
v  13.203639 25.707108 -2.9474449
v  13.423098 25.613209 -2.9822922
v  13.38805 25.579041 -2.9922485
v  13.209291 25.728497 -2.9062119
v  13.442565 25.629543 -2.9427872
v  13.466173 25.38969 -2.9957619
v  13.514953 25.390499 -2.9862442
v  13.425721 25.168507 -2.9570007
v  13.390736 25.200504 -2.9708023
v  13.540268 25.392887 -2.946785
v  13.445163 25.157158 -2.9158859
v  13.20446 25.122894 -2.9317551
v  13.207101 25.077309 -2.9115753
v  12.986866 25.170063 -2.8765221
v  13.015911 25.200954 -2.9013138
v  13.212963 25.060448 -2.8681641
v  12.979683 25.159397 -2.8316231
v  12.936938 25.392365 -2.8977623
v  12.894574 25.39357 -2.8725204
v  12.984584 25.615997 -2.901947
v  13.014395 25.58239 -2.9231415
v  12.881983 25.396057 -2.82761
v  12.977087 25.631786 -2.8585243
v  -13.209291 25.728497 -2.9062119
v  -13.442565 25.629543 -2.9427872
v  -13.540268 25.392887 -2.946785
v  -13.445163 25.157158 -2.9158859
v  -13.212963 25.060448 -2.8681641
v  -12.979683 25.159397 -2.8316231
v  -12.881983 25.396057 -2.82761
v  -12.977087 25.631786 -2.8585243
v  13.202986 25.391022 -2.9470253
v  -13.204467 25.121693 -2.9316864
v  -13.202986 25.391022 -2.9470253
v  -12.936937 25.392365 -2.8977623
v  -13.015911 25.200954 -2.9013138
v  -13.201513 25.659145 -2.9622955
v  -13.014395 25.58239 -2.9231415
v  -13.466173 25.38969 -2.9957619
v  -13.390736 25.200504 -2.9708023
v  -13.38805 25.579041 -2.9922485
v  -13.203641 25.706753 -2.947422
v  -13.423098 25.613209 -2.9822922
v  -13.514953 25.390499 -2.9862442
v  -13.425721 25.168507 -2.9570007
v  -13.207103 25.076958 -2.9115562
v  -12.986866 25.170063 -2.8765221
v  -12.894574 25.39357 -2.8725204
v  -12.984584 25.615997 -2.901947
v  -12.238246 22.818092 -0.9353714
v  -12.216766 22.1479 -0.53914642
v  -12.234594 22.152702 -0.53416443
v  -12.25593 22.821156 -0.92834473
v  -12.241983 22.164303 -0.52213287
v  -12.263233 22.827629 -0.91131592
v  -12.503124 24.090755 -1.2053413
v  -12.024372 24.090744 -1.2041359
v  -12.024374 24.081192 -1.2220154
v  -12.502895 24.08136 -1.2224731
v  -12.024374 24.060997 -1.2237968
v  -12.502659 24.061554 -1.2240295
v  -12.527411 24.064198 -1.196312
v  -12.711002 24.059776 0.0023231506
v  -12.703901 24.078381 0.00233078
v  -12.520309 24.082832 -1.2031059
v  -12.686705 24.086288 0.0023422241
v  -12.503103 24.053062 1.2288399
v  -12.024371 24.051987 1.2283707
v  -12.024374 24.072166 1.2266464
v  -12.503115 24.07251 1.2271805
v  -12.024372 24.081825 1.2088547
v  -12.503103 24.081821 1.2100296
v  -12.241983 22.163834 0.52674866
v  -12.268875 21.71278 0.0022964478
v  -12.261475 21.701077 0.015491486
v  -12.234594 22.152214 0.53874969
v  -12.24346 21.695404 0.020271301
v  -12.216766 22.1474 0.54372787
v  -12.243254 21.695515 -0.015808105
v  -12.024374 21.695305 -0.015544891
v  -12.024372 21.689564 0.0022926331
v  -12.243359 21.689655 0.0022583008
v  -12.024374 21.695293 0.020141602
v  -12.024374 24.086285 0.0023574829
v  -12.024374 22.1474 0.54372787
v  -12.024372 22.81308 0.93982697
v  -12.238466 22.81361 0.94006348
v  -12.024374 22.1479 -0.53914642
v  -12.024372 22.817825 -0.93525314
v  -12.328246 22.16407 0.0023040771
v  -12.411857 22.825302 0.0023117065
v  -12.263233 22.822971 0.91594696
v  -12.255987 22.816566 0.93300629
v  -12.261415 21.701138 -0.010971069
v  -12.517071 24.078335 -1.2178154
v  -12.520187 24.062874 -1.2159424
v  -12.520309 24.073925 1.2077713
v  -12.517155 24.069469 1.2225266
v  -12.520309 24.054173 1.2206955
v  -12.527411 24.055359 1.2009583
v  -12.258127 21.694252 0.0022621155
v  12.238246 22.818092 -0.9353714
v  12.25593 22.821156 -0.92834473
v  12.234594 22.152702 -0.53416443
v  12.216766 22.1479 -0.53914642
v  12.263233 22.827629 -0.91131592
v  12.241983 22.164303 -0.52213287
v  12.503124 24.090755 -1.2053413
v  12.502895 24.08136 -1.2224731
v  12.024374 24.081192 -1.2220154
v  12.024372 24.090744 -1.2041359
v  12.502659 24.061554 -1.2240295
v  12.024374 24.060997 -1.2237968
v  12.527411 24.064198 -1.196312
v  12.520309 24.082832 -1.2031059
v  12.703901 24.078381 0.00233078
v  12.711002 24.059776 0.0023231506
v  12.686705 24.086288 0.0023422241
v  12.503103 24.053062 1.2288399
v  12.503115 24.07251 1.2271805
v  12.024374 24.072166 1.2266464
v  12.024371 24.051987 1.2283707
v  12.503103 24.081821 1.2100296
v  12.024372 24.081825 1.2088547
v  12.241983 22.163834 0.52674866
v  12.234594 22.152214 0.53874969
v  12.261475 21.701077 0.015491486
v  12.268875 21.71278 0.0022964478
v  12.216766 22.1474 0.54372787
v  12.24346 21.695404 0.020271301
v  12.243254 21.695515 -0.015808105
v  12.243359 21.689655 0.0022583008
v  12.024372 21.689564 0.0022926331
v  12.024374 21.695305 -0.015544891
v  12.024374 21.695293 0.020141602
v  12.024374 24.086285 0.0023574829
v  12.238466 22.81361 0.94006348
v  12.024372 22.81308 0.93982697
v  12.024374 22.1474 0.54372787
v  12.024374 22.1479 -0.53914642
v  12.024372 22.817825 -0.93525314
v  12.411857 22.825302 0.0023117065
v  12.328246 22.16407 0.0023040771
v  12.263233 22.822971 0.91594696
v  12.255987 22.816566 0.93300629
v  12.261415 21.701138 -0.010971069
v  12.520187 24.062874 -1.2159424
v  12.517071 24.078335 -1.2178154
v  12.520309 24.073925 1.2077713
v  12.517155 24.069469 1.2225266
v  12.520309 24.054173 1.2206955
v  12.527411 24.055359 1.2009583
v  12.258127 21.694252 0.0022621155
v  -12.339887 24.038635 0.85659027
v  -12.564312 24.824043 0.88463974
v  -12.569277 24.824043 1.012146
v  -12.3437 24.038635 0.98374939
v  -12.644333 24.824039 1.0971336
v  -12.399396 24.038631 1.0678215
v  -12.745505 24.824043 1.0897903
v  -12.47433 24.038635 1.0594978
v  -12.813529 24.824039 0.9944191
v  -12.524611 24.038631 0.96365738
v  -12.804629 24.824043 0.87035751
v  -12.522612 24.038635 0.83878708
v  -12.733521 24.824039 0.78197861
v  -12.465126 24.038635 0.75252914
v  -12.632347 24.824043 0.78931808
v  -12.390189 24.038635 0.76084518
v  -12.372566 25.446812 0.91269302
v  -12.338354 25.791035 0.88895416
v  -12.342513 25.811634 1.015255
v  -12.378682 25.446812 1.0405426
v  -12.435114 25.837791 1.0997162
v  -12.473099 25.446812 1.1264458
v  -12.561911 25.854183 1.0928688
v  -12.600509 25.446812 1.1200829
v  -12.648629 25.851204 0.99871826
v  -12.686276 25.446812 1.0251808
v  -12.634769 25.829994 0.87700653
v  -12.670477 25.446812 0.90192795
v  -12.551868 25.804447 0.78795624
v  -12.585744 25.446808 0.81142426
v  -12.425072 25.788055 0.79480362
v  -12.458334 25.446812 0.81778717
v  -12.297033 26.069519 0.80025101
v  -12.294964 26.133404 0.91119003
v  -12.383261 26.189461 0.98504257
v  -12.510202 26.204853 0.97854996
v  -12.601426 26.170563 0.89550781
v  -12.593584 26.10754 0.78863525
v  -12.515198 26.050625 0.71071625
v  -12.388257 26.035233 0.71720886
v  -12.268846 26.256367 0.59337234
v  -12.258902 26.372448 0.64647293
v  -12.341957 26.463249 0.68181992
v  -12.469358 26.475586 0.67871094
v  -12.566477 26.402229 0.63896561
v  -12.566221 26.288921 0.58781433
v  -12.493365 26.195343 0.55051804
v  -12.365964 26.183006 0.55362701
v  -12.259171 26.320499 0.30263519
v  -12.247559 26.447636 0.31240082
v  -12.329504 26.545795 0.31890488
v  -12.457004 26.557484 0.31833267
v  -12.555369 26.475853 0.3110199
v  -12.556721 26.351898 0.30160904
v  -12.485036 26.250557 0.29475021
v  -12.357536 26.238869 0.29532242
v  -12.258148 26.327274 -0.012481689
v  -12.246481 26.454777 -0.012619019
v  -12.328389 26.553185 -0.012706757
v  -12.455892 26.564854 -0.012699127
v  -12.5543 26.482944 -0.01259613
v  -12.555704 26.358631 -0.012466431
v  -12.484058 26.257034 -0.012371063
v  -12.356556 26.245369 -0.012378693
v  -12.260158 26.314697 -0.32567978
v  -12.248624 26.441368 -0.34033585
v  -12.33062 26.539227 -0.34999847
v  -12.458114 26.550949 -0.34901428
v  -12.556421 26.469669 -0.33795547
v  -12.557698 26.346161 -0.32384872
v  -12.485959 26.24514 -0.31363678
v  -12.358465 26.233418 -0.31462097
v  -12.273049 26.234013 -0.609375
v  -12.263967 26.345341 -0.67196274
v  -12.347579 26.433079 -0.71323776
v  -12.474908 26.445835 -0.70902634
v  -12.571365 26.376137 -0.66179276
v  -12.570281 26.267395 -0.60154724
v  -12.496835 26.177071 -0.55793381
v  -12.369506 26.164314 -0.56214523
v  -12.305733 26.029446 -0.80048752
v  -12.30547 26.085571 -0.91556549
v  -12.3949 26.136902 -0.99146271
v  -12.521636 26.15337 -0.98371887
v  -12.611437 26.125332 -0.89687347
v  -12.601862 26.069736 -0.78609085
v  -12.522269 26.017879 -0.70589447
v  -12.395534 26.001408 -0.71363831
v  -12.348743 25.746056 -0.87628174
v  -12.354119 25.763378 -1.0030251
v  -12.447607 25.786793 -1.0873184
v  -12.574441 25.802578 -1.0797806
v  -12.660325 25.801495 -0.98482895
v  -12.645286 25.783504 -0.86273956
v  -12.561461 25.760757 -0.77379227
v  -12.434627 25.744968 -0.78133011
v  -12.379068 25.446808 -0.90254593
v  -12.385451 25.446808 -1.030571
v  -12.478193 25.446808 -1.1161232
v  -12.602802 25.446812 -1.1091423
v  -12.68599 25.446812 -1.0137177
v  -12.670492 25.446808 -0.8902359
v  -12.586819 25.446808 -0.8000412
v  -12.462527 25.446812 -0.80702591
v  -12.571658 24.824039 -0.8849144
v  -12.576961 24.824036 -1.0126915
v  -12.651396 24.824036 -1.0978127
v  -12.751294 24.824043 -1.0904236
v  -12.817988 24.824039 -0.9948616
v  -12.809227 24.824036 -0.87052917
v  -12.738202 24.824036 -0.78193283
v  -12.638465 24.824039 -0.78931808
v  -12.533816 24.038631 -0.97600174
v  -12.531791 24.038631 -0.85082245
v  -12.483616 24.038635 -1.0717049
v  -12.408427 24.038631 -1.0794983
v  -12.352298 24.038631 -0.99481583
v  -12.348077 24.038635 -0.86728287
v  -12.398231 24.038631 -0.77161407
v  -12.473414 24.038631 -0.76382828
v  12.339887 24.038635 0.85659027
v  12.3437 24.038635 0.98374939
v  12.569277 24.824043 1.012146
v  12.564312 24.824043 0.88463974
v  12.399396 24.038631 1.0678215
v  12.644333 24.824039 1.0971336
v  12.47433 24.038635 1.0594978
v  12.745505 24.824043 1.0897903
v  12.524611 24.038631 0.96365738
v  12.813529 24.824039 0.9944191
v  12.522612 24.038635 0.83878708
v  12.804629 24.824043 0.87035751
v  12.465126 24.038635 0.75252914
v  12.733521 24.824039 0.78197861
v  12.390189 24.038635 0.76084518
v  12.632347 24.824043 0.78931808
v  12.372566 25.446812 0.91269302
v  12.378682 25.446812 1.0405426
v  12.342513 25.811634 1.015255
v  12.338354 25.791035 0.88895416
v  12.473099 25.446812 1.1264458
v  12.435114 25.837791 1.0997162
v  12.600509 25.446812 1.1200829
v  12.561911 25.854183 1.0928688
v  12.686276 25.446812 1.0251808
v  12.648629 25.851204 0.99871826
v  12.670477 25.446812 0.90192795
v  12.634769 25.829994 0.87700653
v  12.585744 25.446808 0.81142426
v  12.551868 25.804447 0.78795624
v  12.458334 25.446812 0.81778717
v  12.425072 25.788055 0.79480362
v  12.294964 26.133404 0.91119003
v  12.297033 26.069519 0.80025101
v  12.383261 26.189461 0.98504257
v  12.510202 26.204853 0.97854996
v  12.601426 26.170563 0.89550781
v  12.593584 26.10754 0.78863525
v  12.515198 26.050625 0.71071625
v  12.388257 26.035233 0.71720886
v  12.258902 26.372448 0.64647293
v  12.268846 26.256367 0.59337234
v  12.341957 26.463249 0.68181992
v  12.469358 26.475586 0.67871094
v  12.566477 26.402229 0.63896561
v  12.566221 26.288921 0.58781433
v  12.493365 26.195343 0.55051804
v  12.365964 26.183006 0.55362701
v  12.247559 26.447636 0.31240082
v  12.259171 26.320499 0.30263519
v  12.329504 26.545795 0.31890488
v  12.457004 26.557484 0.31833267
v  12.555369 26.475853 0.3110199
v  12.556721 26.351898 0.30160904
v  12.485036 26.250557 0.29475021
v  12.357536 26.238869 0.29532242
v  12.246481 26.454777 -0.012619019
v  12.258148 26.327274 -0.012481689
v  12.328389 26.553185 -0.012706757
v  12.455892 26.564854 -0.012699127
v  12.5543 26.482944 -0.01259613
v  12.555704 26.358631 -0.012466431
v  12.484058 26.257034 -0.012371063
v  12.356556 26.245369 -0.012378693
v  12.248624 26.441368 -0.34033585
v  12.260158 26.314697 -0.32567978
v  12.33062 26.539227 -0.34999847
v  12.458114 26.550949 -0.34901428
v  12.556421 26.469669 -0.33795547
v  12.557698 26.346161 -0.32384872
v  12.485959 26.24514 -0.31363678
v  12.358465 26.233418 -0.31462097
v  12.263967 26.345341 -0.67196274
v  12.273049 26.234013 -0.609375
v  12.347579 26.433079 -0.71323776
v  12.474908 26.445835 -0.70902634
v  12.571365 26.376137 -0.66179276
v  12.570281 26.267395 -0.60154724
v  12.496835 26.177071 -0.55793381
v  12.369506 26.164314 -0.56214523
v  12.30547 26.085571 -0.91556549
v  12.305733 26.029446 -0.80048752
v  12.3949 26.136902 -0.99146271
v  12.521636 26.15337 -0.98371887
v  12.611437 26.125332 -0.89687347
v  12.601862 26.069736 -0.78609085
v  12.522269 26.017879 -0.70589447
v  12.395534 26.001408 -0.71363831
v  12.354119 25.763378 -1.0030251
v  12.348743 25.746056 -0.87628174
v  12.447607 25.786793 -1.0873184
v  12.574441 25.802578 -1.0797806
v  12.660325 25.801495 -0.98482895
v  12.645286 25.783504 -0.86273956
v  12.561461 25.760757 -0.77379227
v  12.434627 25.744968 -0.78133011
v  12.385451 25.446808 -1.030571
v  12.379068 25.446808 -0.90254593
v  12.478193 25.446808 -1.1161232
v  12.602802 25.446812 -1.1091423
v  12.68599 25.446812 -1.0137177
v  12.670492 25.446808 -0.8902359
v  12.586819 25.446808 -0.8000412
v  12.462527 25.446812 -0.80702591
v  12.576961 24.824036 -1.0126915
v  12.571658 24.824039 -0.8849144
v  12.651396 24.824036 -1.0978127
v  12.751294 24.824043 -1.0904236
v  12.817988 24.824039 -0.9948616
v  12.809227 24.824036 -0.87052917
v  12.738202 24.824036 -0.78193283
v  12.638465 24.824039 -0.78931808
v  12.531791 24.038631 -0.85082245
v  12.533816 24.038631 -0.97600174
v  12.483616 24.038635 -1.0717049
v  12.408427 24.038631 -1.0794983
v  12.352298 24.038631 -0.99481583
v  12.348077 24.038635 -0.86728287
v  12.398231 24.038631 -0.77161407
v  12.473414 24.038631 -0.76382828
v  11.342315 23.602661 -0.69340515
v  11.363939 23.705711 -0.64228439
v  11.335563 23.711964 -0.65307236
v  11.315581 23.616745 -0.70030212
v  11.38405 23.814491 -0.68056107
v  11.354141 23.81245 -0.6884346
v  11.390864 23.865269 -0.78580856
v  11.360435 23.859367 -0.78567123
v  11.380389 23.828297 -0.89637756
v  11.350757 23.825211 -0.88781738
v  11.358764 23.725246 -0.94749832
v  11.330779 23.730007 -0.93505096
v  11.338653 23.616467 -0.90922165
v  11.312199 23.629505 -0.89968491
v  11.331838 23.565693 -0.80397415
v  11.305903 23.582596 -0.8024559
v  11.311112 23.718742 -0.68545151
v  11.295821 23.645874 -0.72159576
v  11.325333 23.795662 -0.71250916
v  11.330149 23.831562 -0.7869339
v  11.322743 23.805428 -0.86511993
v  11.307451 23.732555 -0.90126419
v  11.293232 23.655628 -0.87420273
v  11.288414 23.619736 -0.7997818
v  11.29431 23.725033 -0.73448563
v  11.286033 23.685589 -0.75405121
v  11.302004 23.766655 -0.74913025
v  11.304614 23.786095 -0.78941345
v  11.300605 23.771942 -0.83172607
v  11.292328 23.732502 -0.85128784
v  11.284631 23.690876 -0.83664322
v  11.282024 23.671444 -0.79636765
v  11.287713 23.729858 -0.79272079
v  -11.342316 23.602654 -0.69340515
v  -11.315582 23.616737 -0.70030212
v  -11.335564 23.711967 -0.65307236
v  -11.363945 23.705711 -0.64228058
v  -11.354141 23.812447 -0.68843842
v  -11.384048 23.814491 -0.68056107
v  -11.360435 23.859367 -0.78566742
v  -11.390869 23.865273 -0.78580856
v  -11.350758 23.825203 -0.88781357
v  -11.38039 23.8283 -0.89637375
v  -11.33078 23.730003 -0.93504715
v  -11.358765 23.725243 -0.94749451
v  -11.312199 23.629494 -0.89968491
v  -11.338654 23.616463 -0.90922165
v  -11.305904 23.582588 -0.8024559
v  -11.331841 23.565697 -0.80397797
v  -11.295822 23.645866 -0.72159576
v  -11.311115 23.718742 -0.68545151
v  -11.325336 23.795662 -0.71250916
v  -11.330151 23.831566 -0.7869339
v  -11.322746 23.805428 -0.86511993
v  -11.307453 23.732552 -0.90126419
v  -11.293236 23.655632 -0.87420273
v  -11.288414 23.619728 -0.7997818
v  -11.28603 23.685585 -0.75404739
v  -11.294308 23.725029 -0.73448563
v  -11.302006 23.766655 -0.74913406
v  -11.304615 23.786095 -0.78940964
v  -11.300602 23.771935 -0.83172226
v  -11.292328 23.732506 -0.85128784
v  -11.284634 23.69088 -0.83664322
v  -11.282024 23.67144 -0.79636383
v  -11.287716 23.729851 -0.79272079
v  11.336789 23.617085 0.92628098
v  11.352688 23.726299 0.96528625
v  11.325226 23.730431 0.95152283
v  11.310535 23.629524 0.9154892
v  11.374449 23.829769 0.91506958
v  11.345329 23.826023 0.90512848
v  11.389324 23.86689 0.80506134
v  11.359073 23.860325 0.80349731
v  11.388599 23.815914 0.69969177
v  11.358401 23.813217 0.70615005
v  11.372699 23.706699 0.66069031
v  11.343715 23.712326 0.67011642
v  11.35094 23.60323 0.71090317
v  11.323607 23.616722 0.71651077
v  11.336064 23.566105 0.82091904
v  11.309866 23.582432 0.81814575
v  11.30347 23.732449 0.91666794
v  11.292227 23.65522 0.88909531
v  11.318856 23.805614 0.88116837
v  11.329372 23.83186 0.80337906
v  11.328864 23.795815 0.72886658
v  11.317618 23.71859 0.70129013
v  11.302232 23.64542 0.73679352
v  11.291715 23.619175 0.81459045
v  11.29073 23.732033 0.86603546
v  11.284643 23.690243 0.85110855
v  11.299055 23.771633 0.84681702
v  11.304748 23.785839 0.80472183
v  11.30447 23.766327 0.76439285
v  11.298386 23.724533 0.74946976
v  11.290058 23.684944 0.76868439
v  11.284366 23.670734 0.81079102
v  11.288943 23.729256 0.80732346
v  -11.336792 23.617088 0.92628098
v  -11.310532 23.629524 0.9154892
v  -11.32523 23.730431 0.95152283
v  -11.352688 23.726295 0.96528625
v  -11.345325 23.826027 0.90512848
v  -11.374447 23.829765 0.91506958
v  -11.359074 23.860329 0.80349731
v  -11.389324 23.86689 0.80506134
v  -11.358402 23.81321 0.70615005
v  -11.388596 23.81591 0.69969177
v  -11.343716 23.712334 0.67011642
v  -11.3727 23.706703 0.66069031
v  -11.323608 23.616722 0.71651077
v  -11.350937 23.603233 0.71090698
v  -11.309868 23.582436 0.81814575
v  -11.336067 23.566109 0.82091904
v  -11.292229 23.65522 0.88909531
v  -11.303471 23.73246 0.91666794
v  -11.318859 23.805611 0.88116455
v  -11.329376 23.831856 0.80337524
v  -11.328865 23.795815 0.72886658
v  -11.317619 23.71859 0.70129013
v  -11.302235 23.645424 0.73679352
v  -11.291718 23.619179 0.81459045
v  -11.284641 23.690239 0.85110855
v  -11.29073 23.732033 0.86603546
v  -11.299057 23.771629 0.84681702
v  -11.304749 23.785835 0.80471802
v  -11.30447 23.766335 0.76439285
v  -11.298386 23.724525 0.74946976
v  -11.290058 23.684944 0.76868439
v  -11.284367 23.670738 0.8107872
v  -11.288944 23.729256 0.80732346
v  11.164139 22.196552 0.10906982
v  11.182191 22.303173 0.15387344
v  11.15387 22.307968 0.14223099
v  11.137193 22.209461 0.10084152
v  11.200246 22.409798 0.10906982
v  11.170549 22.406475 0.10084152
v  11.207725 22.453968 0.00093078613
v  11.177458 22.447285 0.00093078613
v  11.200246 22.409798 -0.10721588
v  11.170549 22.406475 -0.098976135
v  11.182191 22.303173 -0.15200806
v  11.15387 22.307968 -0.1403656
v  11.164139 22.196552 -0.10721588
v  11.137193 22.209461 -0.098976135
v  11.15666 22.152382 0.00093078613
v  11.130282 22.168655 0.00093078613
v  11.129864 22.312035 0.10906982
v  11.117096 22.236637 0.077404022
v  11.142628 22.387432 0.077404022
v  11.147916 22.418659 0.00093078613
v  11.142628 22.387432 -0.075538635
v  11.129864 22.312035 -0.10721588
v  11.117096 22.236637 -0.075538635
v  11.111808 22.20541 0.00093078613
v  11.113819 22.314751 0.059455872
v  11.10691 22.273949 0.042312622
v  11.120727 22.355556 0.042312622
v  11.12359 22.372459 0.00093078613
v  11.120727 22.355556 -0.040454865
v  11.113819 22.314751 -0.057598114
v  11.10691 22.273949 -0.040454865
v  11.104049 22.257046 0.00093078613
v  11.108185 22.315704 0.00093078613
v  -11.164139 22.196541 0.10906982
v  -11.137192 22.209465 0.10084152
v  -11.15387 22.307976 0.14223099
v  -11.182194 22.303169 0.15387344
v  -11.170551 22.406487 0.10084152
v  -11.200245 22.409798 0.10906982
v  -11.177456 22.447289 0.00093078613
v  -11.207726 22.453972 0.00093078613
v  -11.170551 22.406487 -0.098976135
v  -11.200245 22.409798 -0.10721588
v  -11.15387 22.307976 -0.1403656
v  -11.182194 22.303169 -0.15200806
v  -11.137192 22.209465 -0.098976135
v  -11.164139 22.196541 -0.10721588
v  -11.13028 22.168663 0.00093078613
v  -11.156658 22.152382 0.00093078613
v  -11.117096 22.236641 0.077404022
v  -11.129864 22.312035 0.10906982
v  -11.142632 22.387428 0.077404022
v  -11.147915 22.418663 0.00093078613
v  -11.142632 22.387428 -0.075538635
v  -11.129864 22.312035 -0.10721588
v  -11.117096 22.236641 -0.075538635
v  -11.111809 22.205406 0.00093078613
v  -11.106911 22.273949 0.042312622
v  -11.113819 22.314751 0.059455872
v  -11.120728 22.355553 0.042312622
v  -11.123592 22.372459 0.00093078613
v  -11.120728 22.355553 -0.040454865
v  -11.113819 22.314751 -0.057598114
v  -11.106911 22.273949 -0.040454865
v  -11.10405 22.257042 0.00093078613
v  -11.108189 22.315712 0.00093078613
v  9.0743666 4.9292984 -3.8146973e-06
v  9.4056683 7.6099319 -3.8146973e-06
v  8.9453068 7.6099319 -2.9065132
v  8.6302185 4.9292984 -2.8041344
v  8.6302166 4.9292984 2.8041306
v  8.9453049 7.6099319 2.9065094
v  7.3413177 4.9292984 5.3337631
v  7.6093459 7.6099319 5.5284996
v  5.3337674 4.9292984 7.3413162
v  5.528502 7.6099319 7.6093445
v  2.8041301 4.9292984 8.6302109
v  2.9065087 7.6099319 8.9453011
v  3.579373e-07 4.9292984 9.0743637
v  3.579373e-07 7.6099319 9.4056664
v  -2.8041327 4.9292984 8.6302109
v  -2.9065113 7.6099319 8.9453011
v  -5.3337665 4.9292984 7.3413162
v  -5.528501 7.6099319 7.6093445
v  -7.3413186 4.9292984 5.3337631
v  -7.6093478 7.6099319 5.5284996
v  -8.6302166 4.9292984 2.8041306
v  -8.9453049 7.6099319 2.9065094
v  -9.0743685 4.9292984 -3.8146973e-06
v  -9.4056711 7.6099319 -3.8146973e-06
v  -8.6302166 4.9292984 -2.8041344
v  -8.9453049 7.6099319 -2.9065132
v  -7.3413186 4.9292984 -5.3337708
v  -7.6093478 7.6099319 -5.5285034
v  -5.3337665 4.9292984 -7.3413239
v  -5.528501 7.6099319 -7.6093521
v  -2.8041327 4.9292984 -8.6302147
v  -2.9065113 7.6099319 -8.9453049
v  3.579373e-07 4.9292984 -9.0743713
v  3.579373e-07 7.6099319 -9.4056702
v  2.8041337 4.9292984 -8.6302223
v  2.9065123 7.6099319 -8.9453087
v  5.3337746 4.9292984 -7.3413239
v  5.5285096 7.6099319 -7.6093521
v  7.3413215 4.9292984 -5.3337784
v  7.6093497 7.6099319 -5.528511
v  10.399576 15.639351 -3.8146973e-06
v  11.062181 20.357216 -3.8146973e-06
v  10.520748 20.357216 -3.4184074
v  9.8905716 15.639351 -3.2136497
v  9.8905706 15.639351 3.2136383
v  10.520746 20.357216 3.418396
v  8.4134321 15.639351 6.112709
v  8.9494886 20.357216 6.5021744
v  6.1127086 15.639351 8.4134293
v  6.5021772 20.357216 8.9494858
v  3.2136443 15.639351 9.890564
v  3.4184015 20.357216 10.520742
v  3.579373e-07 15.639351 10.399574
v  3.579373e-07 20.357216 11.06218
v  -3.2136469 15.639351 9.890564
v  -3.4184041 20.357216 10.520742
v  -6.1127076 15.639351 8.4134331
v  -6.5021763 20.357216 8.9494896
v  -8.413435 15.639351 6.112709
v  -8.9494934 20.357216 6.5021744
v  -9.8905716 15.639351 3.2136383
v  -10.520744 20.357216 3.418396
v  -10.399579 15.639351 -3.8146973e-06
v  -11.062181 20.357216 -3.8146973e-06
v  -9.8905716 15.639351 -3.2136497
v  -10.520744 20.357216 -3.4184074
v  -8.413435 15.639351 -6.112709
v  -8.9494934 20.357216 -6.5021782
v  -6.1127076 15.639351 -8.4134369
v  -6.5021763 20.357216 -8.9494896
v  -3.2136469 15.639351 -9.8905678
v  -3.4184041 20.357216 -10.520748
v  3.579373e-07 15.639351 -10.399582
v  3.579373e-07 20.357216 -11.062183
v  3.2136478 15.639351 -9.8905754
v  3.4184051 20.357216 -10.520748
v  6.1127157 15.639351 -8.4134369
v  6.5021863 20.357216 -8.9494972
v  8.413435 15.639351 -6.1127167
v  8.9494915 20.357216 -6.5021896
v  11.722219 24.852745 -3.8146973e-06
v  11.148482 24.852745 -3.6223755
v  11.148481 24.852745 3.622364
v  9.483469 24.852745 6.8901405
v  6.8901401 24.852745 9.4834671
v  3.6223662 24.852745 11.148478
v  3.579373e-07 24.852745 11.722219
v  -3.6223669 24.852745 11.148478
v  -6.8901391 24.852745 9.4834709
v  -9.4834738 24.852745 6.8901405
v  -11.148481 24.852745 3.622364
v  -11.722223 24.852745 -3.8146973e-06
v  -11.148481 24.852745 -3.6223755
v  -9.4834738 24.852745 -6.8901405
v  -6.8901391 24.852745 -9.4834747
v  -3.6223669 24.852745 -11.148487
v  3.579373e-07 24.852745 -11.722221
v  3.6223679 24.852745 -11.148487
v  6.8901486 24.852745 -9.4834747
v  9.4834738 24.852745 -6.8901482
v  9.7369699 10.921486 -3.8146973e-06
v  9.2603941 10.921486 -3.0088921
v  9.2603941 10.921486 3.0088844
v  7.8773742 10.921486 5.7232361
v  5.7232361 10.921486 7.8773727
v  3.0088873 10.921486 9.2603912
v  3.579373e-07 10.921486 9.736969
v  -3.0088899 10.921486 9.2603912
v  -5.7232351 10.921486 7.8773727
v  -7.8773766 10.921486 5.7232361
v  -9.2603922 10.921486 3.0088844
v  -9.7369738 10.921486 -3.8146973e-06
v  -9.2603922 10.921486 -3.0088921
v  -7.8773766 10.921486 -5.7232399
v  -5.7232351 10.921486 -7.8773804
v  -3.0088899 10.921486 -9.2603951
v  3.579373e-07 10.921486 -9.7369728
v  3.0088909 10.921486 -9.2603951
v  5.7232451 10.921486 -7.8773804
v  7.8773775 10.921486 -5.7232475
v  8.6936455 4.9099884 -2.8247452
v  7.3952765 4.9099884 -5.3729782
v  7.4413438 4.8304901 -5.4064484
v  8.7478008 4.8304901 -2.8423347
v  9.1980019 4.8304901 -3.8146973e-06
v  9.1410589 4.9099884 -3.8146973e-06
v  8.7478008 4.8304901 2.8423309
v  8.6936455 4.9099884 2.8247375
v  7.4413404 4.8304901 5.4064331
v  7.3952732 4.9099884 5.372963
v  5.406436 4.8304901 7.4413376
v  5.3729668 4.9099884 7.3952713
v  2.8423359 4.8304901 8.7477951
v  2.8247392 4.9099884 8.6936417
v  3.579373e-07 4.8304901 9.197998
v  3.579373e-07 4.9099884 9.1410599
v  -2.8423369 4.8304901 8.7477951
v  -2.8247418 4.9099884 8.6936417
v  -5.4064369 4.8304901 7.4413376
v  -5.3729658 4.9099884 7.3952713
v  -7.4413428 4.8304901 5.4064331
v  -7.3952775 4.9099884 5.372963
v  -8.7478008 4.8304901 2.8423386
v  -8.6936455 4.9099884 2.8247375
v  -9.1980019 4.8304901 -3.8146973e-06
v  -9.1410608 4.9099884 -3.8146973e-06
v  -8.7478008 4.8304901 -2.8423347
v  -8.6936455 4.9099884 -2.8247452
v  -7.4413428 4.8304901 -5.4064407
v  -7.3952775 4.9099884 -5.3729706
v  -5.4064369 4.8304901 -7.4413414
v  -5.3729658 4.9099884 -7.3952751
v  -2.8423369 4.8304901 -8.7477989
v  -2.8247418 4.9099884 -8.6936493
v  3.579373e-07 4.8304901 -9.1980057
v  3.579373e-07 4.9099884 -9.1410637
v  2.8423378 4.8304901 -8.7477989
v  2.8247428 4.9099884 -8.6936493
v  5.406445 4.8304901 -7.4413414
v  5.3729758 4.9099884 -7.3952827
v  8.6078167 2.9690018 -3.8146973e-06
v  8.9029093 3.8568192 -3.8146973e-06
v  8.4671516 3.8568192 -2.7511482
v  8.1865034 2.9690018 -2.6599617
v  8.1865034 2.9690018 2.6599579
v  8.4671516 3.8568192 2.7511444
v  6.9638724 2.9690018 5.0595322
v  7.2026067 3.8568192 5.2329826
v  5.0595355 2.9690018 6.9638748
v  5.232986 3.8568192 7.2026062
v  2.6599588 2.9690018 8.1865005
v  2.7511473 3.8568192 8.4671478
v  3.579373e-07 2.9690018 8.607811
v  3.579373e-07 3.8568192 8.9029045
v  -2.6599598 2.9690018 8.1865005
v  -2.7511482 3.8568192 8.4671478
v  -5.0595345 2.9690018 6.9638748
v  -5.232986 3.8568192 7.2026062
v  -6.9638772 2.9690018 5.0595322
v  -7.20261 3.8568192 5.2329826
v  -8.1865034 2.9690018 2.6599579
v  -8.4671516 3.8568192 2.7511482
v  -8.6078205 2.9690018 -3.8146973e-06
v  -8.9029112 3.8568192 -3.8146973e-06
v  -8.1865034 2.9690018 -2.6599617
v  -8.4671516 3.8568192 -2.7511482
v  -6.9638772 2.9690018 -5.0595398
v  -7.20261 3.8568192 -5.2329903
v  -5.0595345 2.9690018 -6.9638824
v  -5.232986 3.8568192 -7.2026138
v  -2.6599598 2.9690018 -8.1865044
v  -2.7511482 3.8568192 -8.4671516
v  3.579373e-07 2.9690018 -8.6078224
v  3.579373e-07 3.8568192 -8.902916
v  2.6599607 2.9690018 -8.1865044
v  2.7511492 3.8568192 -8.4671516
v  5.0595446 2.9690018 -6.9638824
v  5.2329946 3.8568192 -7.2026138
v  6.9638782 2.9690018 -5.0595436
v  7.202611 3.8568192 -5.2329941
v  8.0635872 2.8495941 -2.6200218
v  6.8593183 2.8495941 -4.9835777
v  4.9835763 2.8495941 -6.859314
v  2.620023 2.8495941 -8.0635834
v  3.579373e-07 2.8495941 -8.4785767
v  -2.6200221 2.8495941 -8.0635834
v  -4.9835682 2.8495941 -6.859314
v  -6.8593192 2.8495941 -4.9835701
v  -8.0635872 2.8495941 -2.6200218
v  -8.4785767 2.8495941 -3.8146973e-06
v  -8.0635872 2.8495941 2.6200256
v  -6.8593192 2.8495941 4.9835663
v  -4.9835682 2.8495941 6.859314
v  -2.6200221 2.8495941 8.0635834
v  3.579373e-07 2.8495941 8.4785728
v  2.6200211 2.8495941 8.0635834
v  4.9835691 2.8495941 6.859314
v  6.859313 2.8495941 4.9835663
v  8.0635853 2.8495941 2.620018
v  8.4785767 2.8495941 -3.8146973e-06
v  6.7419715 2.8660202 -4.8983192
v  3.579373e-07 2.0225372 -3.8146973e-06
v  7.9256387 2.8660202 -2.5752029
v  4.8983202 2.8660202 -6.7419739
v  2.5752003 2.8660202 -7.9256401
v  3.579373e-07 2.8660202 -8.3335342
v  -2.5752013 2.8660202 -7.9256401
v  -4.8983107 2.8660202 -6.7419739
v  -6.7419705 2.8660202 -4.8983116
v  -7.9256358 2.8660202 -2.5752029
v  -8.3335314 2.8660202 -3.8146973e-06
v  -7.9256358 2.8660202 2.5752029
v  -6.7419705 2.8660202 4.8983078
v  -4.8983107 2.8660202 6.7419662
v  -2.5752013 2.8660202 7.9256325
v  3.579373e-07 2.8660202 8.3335266
v  2.5751987 2.8660202 7.9256325
v  4.898313 2.8660202 6.7419662
v  6.7419677 2.8660202 4.8983078
v  7.9256368 2.8660202 2.5751953
v  8.3335276 2.8660202 -3.8146973e-06
v  6.8044443 2.845047 -4.9437103
v  7.9990797 2.845047 -2.5990639
v  4.9437099 2.845047 -6.8044434
v  2.5990644 2.845047 -7.9990807
v  3.579373e-07 2.845047 -8.4107475
v  -2.5990634 2.845047 -7.9990807
v  -4.9437017 2.845047 -6.8044434
v  -6.8044434 2.845047 -4.9437027
v  -7.9990768 2.845047 -2.5990639
v  -8.4107494 2.845047 -3.8146973e-06
v  -7.9990768 2.845047 2.5990639
v  -6.8044434 2.845047 4.9437027
v  -4.9437017 2.845047 6.8044434
v  -2.5990634 2.845047 7.9990768
v  3.579373e-07 2.845047 8.4107437
v  2.5990608 2.845047 7.9990768
v  4.9437027 2.845047 6.8044395
v  6.804441 2.845047 4.9437027
v  7.9990778 2.845047 2.5990562
v  8.4107494 2.845047 -3.8146973e-06
v  9.704977 3.7166977 -3.8146973e-06
v  9.2299633 3.7166977 -2.9990044
v  9.2608194 3.9585648 -3.0090332
v  9.737421 3.9585648 -3.8146973e-06
v  9.2299614 3.7166977 2.9989967
v  9.2608175 3.9585648 3.0090218
v  7.8514924 3.7166977 5.704422
v  7.8777399 3.9585648 5.7234917
v  5.7044301 3.7166977 7.8514862
v  5.7235003 3.9585648 7.8777313
v  2.9989991 3.7166977 9.2299576
v  3.0090249 3.9585648 9.2608109
v  4.6586808e-07 3.7166977 9.7049751
v  4.6586808e-07 3.9585648 9.7374191
v  -2.999002 3.7166977 9.2299576
v  -3.0090277 3.9585648 9.2608109
v  -5.7044291 3.7166977 7.8514938
v  -5.7234993 3.9585648 7.877739
v  -7.8514934 3.7166977 5.704422
v  -7.8777409 3.9585648 5.7234917
v  -9.2299614 3.7166977 2.9989967
v  -9.2608175 3.9585648 3.0090218
v  -9.7049789 3.7166977 -3.8146973e-06
v  -9.7374229 3.9585648 -3.8146973e-06
v  -9.2299614 3.7166977 -2.9990044
v  -9.2608175 3.9585648 -3.0090332
v  -7.8514934 3.7166977 -5.7044334
v  -7.8777409 3.9585648 -5.7235031
v  -5.7044291 3.7166977 -7.8514977
v  -5.7234993 3.9585648 -7.8777466
v  -2.999002 3.7166977 -9.2299614
v  -3.0090277 3.9585648 -9.2608185
v  4.6586808e-07 3.7166977 -9.7049828
v  4.6586808e-07 3.9585648 -9.7374306
v  2.9990029 3.7166977 -9.229969
v  3.0090287 3.9585648 -9.2608261
v  5.7044377 3.7166977 -7.8514977
v  5.7235079 3.9585648 -7.8777466
v  7.8514962 3.7166977 -5.7044411
v  7.8777442 3.9585648 -5.7235107
v  11.392027 15.930565 -3.8146973e-06
v  10.834449 15.930565 -3.5203362
v  11.528069 21.057877 -3.7457085
v  12.121343 21.057877 -3.8146973e-06
v  10.834447 15.930565 3.5203247
v  11.528069 21.057877 3.745697
v  9.2163401 15.930565 6.6960526
v  9.806366 21.057877 7.124733
v  6.6960559 15.930565 9.2163391
v  7.1247368 21.057877 9.806366
v  3.520329 15.930565 10.834442
v  3.7457008 21.057877 11.528065
v  4.6586808e-07 15.930565 11.392027
v  4.6586808e-07 21.057877 12.121342
v  -3.5203316 15.930565 10.834442
v  -3.745703 21.057877 11.528065
v  -6.6960549 15.930565 9.2163391
v  -7.1247358 21.057877 9.806366
v  -9.2163448 15.930565 6.6960526
v  -9.8063717 21.057877 7.124733
v  -10.834448 15.930565 3.5203247
v  -11.528067 21.057877 3.745697
v  -11.39203 15.930565 -3.8146973e-06
v  -12.121344 21.057877 -3.8146973e-06
v  -10.834448 15.930565 -3.5203362
v  -11.528067 21.057877 -3.7457085
v  -9.2163448 15.930565 -6.6960564
v  -9.8063717 21.057877 -7.1247368
v  -6.6960549 15.930565 -9.2163467
v  -7.1247358 21.057877 -9.8063698
v  -3.5203316 15.930565 -10.834446
v  -3.745703 21.057877 -11.528069
v  4.6586808e-07 15.930565 -11.392033
v  4.6586808e-07 21.057877 -12.121349
v  3.5203326 15.930565 -10.83445
v  3.7457039 21.057877 -11.528069
v  6.696064 15.930565 -9.2163506
v  7.1247463 21.057877 -9.8063774
v  9.2163448 15.930565 -6.696064
v  9.8063707 21.057877 -7.1247482
v  11.96007 24.151653 -3.8860741
v  12.575573 24.151653 -3.8146973e-06
v  11.960069 24.151653 3.8860626
v  10.173845 24.151653 7.3917236
v  7.3917279 24.151653 10.173843
v  3.8860669 24.151653 11.960064
v  4.6586808e-07 24.151653 12.575573
v  -3.8860679 24.151653 11.960064
v  -7.391727 24.151653 10.173843
v  -10.173851 24.151653 7.3917236
v  -11.960068 24.151653 3.8860626
v  -12.575577 24.151653 -3.8146973e-06
v  -11.960068 24.151653 -3.8860741
v  -10.173851 24.151653 -7.3917274
v  -7.391727 24.151653 -10.173855
v  -3.8860679 24.151653 -11.960072
v  4.6586808e-07 24.151653 -12.575581
v  3.8860688 24.151653 -11.960072
v  7.3917375 24.151653 -10.173855
v  10.173851 24.151653 -7.3917351
v  10.726715 11.209923 -3.8146973e-06
v  10.201697 11.209923 -3.314743
v  10.201697 11.209923 3.3147316
v  8.678093 11.209923 6.3049927
v  6.3049936 11.209923 8.678093
v  3.3147354 11.209923 10.201691
v  4.6586808e-07 11.209923 10.726715
v  -3.3147383 11.209923 10.201691
v  -6.3049927 11.209923 8.678093
v  -8.6780977 11.209923 6.3049927
v  -10.201696 11.209923 3.3147316
v  -10.726719 11.209923 -3.8146973e-06
v  -10.201696 11.209923 -3.314743
v  -8.6780977 11.209923 -6.3049965
v  -6.3049927 11.209923 -8.6781006
v  -3.3147383 11.209923 -10.201698
v  4.6586808e-07 11.209923 -10.726719
v  3.3147392 11.209923 -10.201698
v  6.3050027 11.209923 -8.6781006
v  8.6780977 11.209923 -6.3050041
v  9.2977982 3.7508545 -3.0210457
v  9.311471 3.719986 -3.025486
v  7.9208322 3.719986 -5.7548141
v  7.9092011 3.7508545 -5.7463646
v  9.7906809 3.719986 -3.8146973e-06
v  9.7763042 3.7508545 -3.8146973e-06
v  9.311471 3.719986 3.0254784
v  9.2977982 3.7508545 3.0210381
v  7.9208283 3.719986 5.7547951
v  7.9091973 3.7508545 5.7463455
v  5.7548041 3.719986 7.920826
v  5.7463536 3.7508545 7.9091949
v  3.0254834 3.719986 9.3114662
v  3.0210404 3.7508545 9.2977943
v  4.6586808e-07 3.719986 9.7906799
v  4.6586808e-07 3.7508545 9.7763023
v  -3.0254858 3.719986 9.3114662
v  -3.0210433 3.7508545 9.2977943
v  -5.7548037 3.719986 7.920826
v  -5.7463527 3.7508545 7.9091949
v  -7.9208326 3.719986 5.7547951
v  -7.9092021 3.7508545 5.7463455
v  -9.311471 3.719986 3.0254822
v  -9.2977982 3.7508545 3.0210381
v  -9.7906828 3.719986 -3.8146973e-06
v  -9.7763062 3.7508545 -3.8146973e-06
v  -9.311471 3.719986 -3.025486
v  -9.2977982 3.7508545 -3.0210457
v  -7.9208326 3.719986 -5.7548103
v  -7.9092021 3.7508545 -5.746357
v  -5.7548037 3.719986 -7.9208336
v  -5.7463527 3.7508545 -7.9091988
v  -3.0254858 3.719986 -9.3114738
v  -3.0210433 3.7508545 -9.297802
v  4.6586808e-07 3.719986 -9.7906876
v  4.6586808e-07 3.7508545 -9.77631
v  3.0254867 3.719986 -9.3114738
v  3.0210443 3.7508545 -9.297802
v  5.7548137 3.719986 -7.9208374
v  5.7463632 3.7508545 -7.9092064
v  9.2060051 0.30989838 -3.8146973e-06
v  8.7554131 0.30989838 -2.8448143
v  9.0555649 1.9649963 -2.942337
v  9.5216045 1.9649963 -3.8146973e-06
v  8.7554131 0.30989838 2.8448067
v  9.0555649 1.9649963 2.9423294
v  7.4478173 0.30989838 5.4111328
v  7.7031417 1.9649963 5.5966415
v  5.4111409 0.30989838 7.4478149
v  5.5966449 1.9649963 7.7031403
v  2.8448091 0.30989838 8.7554092
v  2.9423347 1.9649963 9.0555611
v  4.6586808e-07 0.30989838 9.2060013
v  4.6586808e-07 1.9649963 9.5216026
v  -2.84481 0.30989838 8.7554092
v  -2.9423356 1.9649963 9.0555611
v  -5.41114 0.30989838 7.4478149
v  -5.5966449 1.9649963 7.7031403
v  -7.4478221 0.30989838 5.4111328
v  -7.7031455 1.9649963 5.5966415
v  -8.7554131 0.30989838 2.8448067
v  -9.0555649 1.9649963 2.9423332
v  -9.2060089 0.30989838 -3.8146973e-06
v  -9.5216064 1.9649963 -3.8146973e-06
v  -8.7554131 0.30989838 -2.8448143
v  -9.0555649 1.9649963 -2.942337
v  -7.4478221 0.30989838 -5.4111443
v  -7.7031455 1.9649963 -5.5966492
v  -5.41114 0.30989838 -7.4478264
v  -5.5966449 1.9649963 -7.7031479
v  -2.84481 0.30989838 -8.7554131
v  -2.9423356 1.9649963 -9.0555649
v  4.6586808e-07 0.30989838 -9.2060127
v  4.6586808e-07 1.9649963 -9.5216103
v  2.844811 0.30989838 -8.7554131
v  2.9423366 1.9649963 -9.0555649
v  5.4111505 0.30989838 -7.4478264
v  5.5966544 1.9649963 -7.7031479
v  7.447823 0.30989838 -5.4111519
v  7.7031465 1.9649963 -5.5966568
v  9.2637444 3.7337112 -3.0099792
v  9.7404976 3.7337112 -3.8146973e-06
v  9.2637444 3.7337112 3.0099716
v  7.8802295 3.7337112 5.7252998
v  5.7253079 3.7337112 7.8802261
v  3.0099757 3.7337112 9.2637405
v  4.6586808e-07 3.7337112 9.7404938
v  -3.0099785 3.7337112 9.2637405
v  -5.725307 3.7337112 7.8802299
v  -7.8802323 3.7337112 5.7252998
v  -9.2637444 3.7337112 3.0099716
v  -9.7404995 3.7337112 -3.8146973e-06
v  -9.2637444 3.7337112 -3.0099792
v  -7.8802323 3.7337112 -5.7253113
v  -5.725307 3.7337112 -7.8802338
v  -3.0099785 3.7337112 -9.2637482
v  4.6586808e-07 3.7337112 -9.7405014
v  3.0099795 3.7337112 -9.2637482
v  5.7253165 3.7337112 -7.8802338
v  7.8802333 3.7337112 -5.7253189
v  8.6239548 0.056007385 -2.8020973
v  7.3359971 0.056007385 -5.3299065
v  5.3299031 0.056007385 -7.3359947
v  2.8020978 0.056007385 -8.623951
v  4.6586808e-07 0.056007385 -9.0677834
v  -2.8020968 0.056007385 -8.623951
v  -5.3298945 0.056007385 -7.3359947
v  -7.3359981 0.056007385 -5.3298988
v  -8.6239548 0.056007385 -2.8020973
v  -9.0677834 0.056007385 -3.8146973e-06
v  -8.6239548 0.056007385 2.8020973
v  -7.3359981 0.056007385 5.3298874
v  -5.3298945 0.056007385 7.3359909
v  -2.8020968 0.056007385 8.6239471
v  4.6586808e-07 0.056007385 9.0677795
v  2.8020959 0.056007385 8.6239471
v  5.3298955 0.056007385 7.3359909
v  7.3359914 0.056007385 5.3298874
v  8.6239529 0.056007385 2.8020897
v  9.0677834 0.056007385 -3.8146973e-06
v  8.5549641 0.014427185 -2.7796822
v  7.2773099 0.014427185 -5.2872658
v  8.4764194 -7.6293945e-06 -2.7541618
v  7.2104955 -7.6293945e-06 -5.2387199
v  5.2872663 0.014427185 -7.2773094
v  5.2387223 -7.6293945e-06 -7.2104988
v  2.7796826 0.014427185 -8.554966
v  2.7541604 -7.6293945e-06 -8.4764214
v  4.6586808e-07 0.014427185 -8.9952431
v  4.6586808e-07 -7.6293945e-06 -8.9126625
v  -2.7796817 0.014427185 -8.554966
v  -2.7541614 -7.6293945e-06 -8.4764214
v  -5.2872577 0.014427185 -7.2773094
v  -5.2387118 -7.6293945e-06 -7.2104988
v  -7.2773089 0.014427185 -5.2872581
v  -7.2104945 -7.6293945e-06 -5.2387123
v  -8.5549622 0.014427185 -2.7796822
v  -8.4764175 -7.6293945e-06 -2.7541618
v  -8.9952431 0.014427185 -3.8146973e-06
v  -8.9126587 -7.6293945e-06 -3.8146973e-06
v  -8.5549622 0.014427185 2.7796822
v  -8.4764175 -7.6293945e-06 2.7541618
v  -7.2773089 0.014427185 5.2872543
v  -7.2104945 -7.6293945e-06 5.2387085
v  -5.2872577 0.014427185 7.2773056
v  -5.2387118 -7.6293945e-06 7.2104874
v  -2.7796817 0.014427185 8.5549583
v  -2.7541614 -7.6293945e-06 8.4764137
v  4.6586808e-07 0.014427185 8.9952393
v  4.6586808e-07 -7.6293945e-06 8.9126511
v  2.7796788 0.014427185 8.5549583
v  2.7541585 -7.6293945e-06 8.4764137
v  5.2872586 0.014427185 7.2773056
v  5.2387147 -7.6293945e-06 7.2104874
v  7.2773061 0.014427185 5.2872543
v  7.2104917 -7.6293945e-06 5.2387085
v  8.5549622 0.014427185 2.7796745
v  8.4764175 -7.6293945e-06 2.7541542
v  8.9952431 0.014427185 -3.8146973e-06
v  8.9126549 -7.6293945e-06 -3.8146973e-06
v  9.5850887 25.111279 -6.9639778
v  11.267948 25.111279 -3.6611824
v  11.589846 25.257725 -3.7657738
v  9.8589134 25.257725 -7.1629219
v  6.9639745 25.111279 -9.5850868
v  7.1629186 25.257725 -9.8589134
v  3.6611791 25.111279 -11.267948
v  3.7657685 25.257725 -11.589848
v  4.6586808e-07 25.111279 -11.84782
v  4.6586808e-07 25.257725 -12.186283
v  -3.6611781 25.111279 -11.267948
v  -3.7657695 25.257725 -11.589848
v  -6.9639735 25.111279 -9.5850868
v  -7.1629176 25.257725 -9.8589134
v  -9.5850868 25.111279 -6.9639702
v  -9.8589096 25.257725 -7.1629143
v  -11.267944 25.111279 -3.6611824
v  -11.589844 25.257725 -3.7657661
v  -11.847816 25.111279 -3.8146973e-06
v  -12.186279 25.257725 -3.8146973e-06
v  -11.267944 25.111279 3.661171
v  -11.589844 25.257725 3.7657623
v  -9.585083 25.111279 6.9639664
v  -9.8589096 25.257725 7.1629105
v  -6.9639697 25.111279 9.5850792
v  -7.1629138 25.257725 9.858902
v  -3.6611762 25.111279 11.267937
v  -3.7657676 25.257725 11.589838
v  4.6586808e-07 25.111279 11.847811
v  4.6586808e-07 25.257725 12.186275
v  3.6611753 25.111279 11.267937
v  3.7657666 25.257725 11.589836
v  6.9639707 25.111279 9.5850792
v  7.1629148 25.257725 9.858902
v  9.585083 25.111279 6.9639664
v  9.8589058 25.257725 7.1629105
v  11.267941 25.111279 3.661171
v  11.589839 25.257725 3.7657623
v  11.847814 25.111279 -3.8146973e-06
v  12.186277 25.257725 -3.8146973e-06
v  11.911745 25.111279 -3.8703651
v  10.132736 25.111279 -7.361866
v  7.3618627 25.111279 -10.132732
v  3.8703599 25.111279 -11.911747
v  4.6586808e-07 25.111279 -12.524746
v  -3.8703589 25.111279 -11.911747
v  -7.3618617 25.111279 -10.132732
v  -10.132732 25.111279 -7.3618584
v  -11.911743 25.111279 -3.8703651
v  -12.524746 25.111279 -3.8146973e-06
v  -11.911743 25.111279 3.8703537
v  -10.132732 25.111279 7.3618546
v  -7.3618579 25.111279 10.132729
v  -3.8703589 25.111279 11.911736
v  4.6586808e-07 25.111279 12.52474
v  3.870358 25.111279 11.911734
v  7.3618588 25.111279 10.132725
v  10.132729 25.111279 7.3618546
v  11.911738 25.111279 3.8703537
v  12.524742 25.111279 -3.8146973e-06
v  12.045079 24.757725 -3.9136848
v  10.246157 24.757725 -7.4442711
v  7.4442677 24.757725 -10.246159
v  3.9136834 24.757725 -12.045078
v  4.6586808e-07 24.757725 -12.664944
v  -3.9136825 24.757725 -12.045078
v  -7.4442668 24.757725 -10.246159
v  -10.246155 24.757725 -7.4442635
v  -12.045074 24.757725 -3.9136848
v  -12.66494 24.757725 -3.8146973e-06
v  -12.045074 24.757725 3.913681
v  -10.246151 24.757725 7.4442596
v  -7.444263 24.757725 10.246147
v  -3.9136806 24.757725 12.045069
v  4.6586808e-07 24.757725 12.664936
v  3.9136815 24.757725 12.045069
v  7.4442639 24.757725 10.246147
v  10.246151 24.757725 7.4442596
v  12.045073 24.757725 3.9136734
v  12.664938 24.757725 -3.8146973e-06
v  11.911745 24.404171 -3.8703651
v  10.132736 24.404171 -7.361866
v  7.3618627 24.404171 -10.132732
v  3.8703599 24.404171 -11.911747
v  4.6586808e-07 24.404171 -12.524746
v  -3.8703589 24.404171 -11.911747
v  -7.3618617 24.404171 -10.132732
v  -10.132732 24.404171 -7.3618584
v  -11.911743 24.404171 -3.8703651
v  -12.524746 24.404171 -3.8146973e-06
v  -11.911743 24.404171 3.8703537
v  -10.132732 24.404171 7.3618546
v  -7.3618579 24.404171 10.132729
v  -3.8703589 24.404171 11.911736
v  4.6586808e-07 24.404171 12.52474
v  3.870358 24.404171 11.911734
v  7.3618588 24.404171 10.132725
v  10.132729 24.404171 7.3618546
v  11.911738 24.404171 3.8703537
v  12.524742 24.404171 -3.8146973e-06
v  11.717787 24.257725 -3.8073463
v  9.9677467 24.257725 -7.241993
v  7.2419915 24.257725 -9.9677467
v  3.8073392 24.257725 -11.717793
v  4.6586808e-07 24.257725 -12.320812
v  -3.8073401 24.257725 -11.717785
v  -7.2419887 24.257725 -9.9677467
v  -9.9677429 24.257725 -7.2419853
v  -11.717781 24.257725 -3.8073387
v  -12.320805 24.257725 -3.8146973e-06
v  -11.717781 24.257725 3.8073349
v  -9.9677429 24.257725 7.2419815
v  -7.2419887 24.257725 9.9677353
v  -3.8073382 24.257725 11.717779
v  4.6586808e-07 24.257725 12.320801
v  3.8073373 24.257725 11.717777
v  7.2419858 24.257725 9.9677353
v  9.9677391 24.257725 7.2419815
v  11.71778 24.257725 3.8073349
v  12.320803 24.257725 -3.8146973e-06
v  9.5127735 25.099422 -6.9114342
v  11.182927 25.099422 -3.633564
v  11.758436 25.099422 -3.8146973e-06
v  11.182926 25.099422 3.6335564
v  9.5127687 25.099422 6.9114265
v  6.911428 25.099422 9.5127678
v  3.6335578 25.099422 11.182922
v  3.579373e-07 25.099422 11.758436
v  -3.6335588 25.099422 11.182922
v  -6.911427 25.099422 9.5127716
v  -9.5127735 25.099422 6.9114265
v  -11.182926 25.099422 3.6335564
v  -11.75844 25.099422 -3.8146973e-06
v  -11.182926 25.099422 -3.633564
v  -9.5127735 25.099422 -6.9114265
v  -6.911427 25.099422 -9.5127754
v  -3.6335588 25.099422 -11.18293
v  3.579373e-07 25.099422 -11.758442
v  3.6335597 25.099422 -11.18293
v  6.9114366 25.099422 -9.5127754
v  10.206133 7.4527664 -3.8146973e-06
v  9.7065926 7.4527664 -3.1538734
v  9.7065916 7.4527664 3.153862
v  8.2569351 7.4527664 5.9989967
v  5.9990025 7.4527664 8.2569351
v  3.1538658 7.4527664 9.7065887
v  4.6586808e-07 7.4527664 10.206131
v  -3.1538687 7.4527664 9.7065887
v  -5.9990015 7.4527664 8.2569351
v  -8.256938 7.4527664 5.9989967
v  -9.7065907 7.4527664 3.153862
v  -10.206136 7.4527664 -3.8146973e-06
v  -9.7065907 7.4527664 -3.1538734
v  -8.256938 7.4527664 -5.9990044
v  -5.9990015 7.4527664 -8.2569427
v  -3.1538687 7.4527664 -9.7065926
v  4.6586808e-07 7.4527664 -10.206139
v  3.1538696 7.4527664 -9.7065964
v  5.999011 7.4527664 -8.2569427
v  8.2569389 7.4527664 -5.999012
v  9.3557167 3.6200943 -3.0398598
v  9.837204 3.6200943 -3.8146973e-06
v  9.3557167 3.6200943 3.0398521
v  7.9584661 3.6200943 5.7821426
v  5.7821488 3.6200943 7.9584579
v  3.0398602 3.6200943 9.3557129
v  4.6586808e-07 3.6200943 9.837204
v  -3.0398612 3.6200943 9.3557129
v  -5.7821498 3.6200943 7.9584656
v  -7.9584689 3.6200943 5.7821426
v  -9.3557167 3.6200943 3.0398598
v  -9.837204 3.6200943 -3.8146973e-06
v  -9.3557167 3.6200943 -3.0398598
v  -7.9584689 3.6200943 -5.7821541
v  -5.7821498 3.6200943 -7.9584694
v  -3.0398612 3.6200943 -9.3557167
v  4.6586808e-07 3.6200943 -9.8372078
v  3.0398622 3.6200943 -9.3557167
v  5.7821584 3.6200943 -7.9584694
v  7.9584699 3.6200943 -5.7821617
v  8.4215221 -7.6293945e-06 -3.8146973e-06
v  8.0093231 -7.6293945e-06 -2.6024017
v  8.0093222 -7.6293945e-06 2.6023941
v  6.8131595 -7.6293945e-06 4.9500275
v  4.9500384 -7.6293945e-06 6.8131561
v  2.602392 -7.6293945e-06 8.0093231
v  1.7912764e-06 -7.6293945e-06 8.4215202
v  -2.602392 -7.6293945e-06 8.0093231
v  -4.9500356 -7.6293945e-06 6.8131561
v  -6.8131595 -7.6293945e-06 4.9500275
v  -8.0093193 -7.6293945e-06 2.6023941
v  -8.4215231 -7.6293945e-06 -3.8146973e-06
v  -8.0093193 -7.6293945e-06 -2.6024017
v  -6.8131595 -7.6293945e-06 -4.9500351
v  -4.9500356 -7.6293945e-06 -6.8131638
v  -2.602392 -7.6293945e-06 -8.0093307
v  1.7912764e-06 -7.6293945e-06 -8.4215279
v  2.6023927 -7.6293945e-06 -8.0093307
v  4.9500413 -7.6293945e-06 -6.8131638
v  6.8131633 -7.6293945e-06 -4.9500465
v  8.0093222 1.9634628 2.6023941
v  8.4215221 1.9634628 -3.8146973e-06
v  6.8131595 1.9634628 4.9500275
v  4.9500384 1.9634628 6.8131561
v  2.602392 1.9634628 8.0093231
v  1.7912764e-06 1.9634628 8.4215202
v  -2.602392 1.9634628 8.0093231
v  -4.9500356 1.9634628 6.8131561
v  -6.8131595 1.9634628 4.9500275
v  -8.0093193 1.9634628 2.6023941
v  -8.4215231 1.9634628 -3.8146973e-06
v  -8.0093193 1.9634628 -2.6024017
v  -6.8131595 1.9634628 -4.9500351
v  -4.9500356 1.9634628 -6.8131638
v  -2.602392 1.9634628 -8.0093307
v  1.7912764e-06 1.9634628 -8.4215279
v  2.6023927 1.9634628 -8.0093307
v  4.9500413 1.9634628 -6.8131638
v  6.8131633 1.9634628 -4.9500465
v  8.0093231 1.9634628 -2.6024017
v  6.2706714 1.9634628 2.037468
v  6.5933919 1.9634628 -3.8146973e-06
v  5.3341684 1.9634628 3.8754807
v  3.8754916 1.9634628 5.3341637
v  2.0374689 1.9634628 6.2706718
v  1.4000476e-06 1.9634628 6.5933914
v  -2.0374689 1.9634628 6.2706718
v  -3.8754892 1.9634628 5.3341637
v  -5.3341684 1.9634628 3.8754807
v  -6.270668 1.9634628 2.037468
v  -6.5933919 1.9634628 -3.8146973e-06
v  -6.270668 1.9634628 -2.0374756
v  -5.3341684 1.9634628 -3.8754883
v  -3.8754892 1.9634628 -5.3341713
v  -2.0374689 1.9634628 -6.2706795
v  1.4000476e-06 1.9634628 -6.593399
v  2.0374694 1.9634628 -6.2706795
v  3.8754945 1.9634628 -5.3341713
v  5.3341718 1.9634628 -3.8754997
v  6.2706723 1.9634628 -2.0374756
v  9.4070299e-07 1.9634705 -1.1444092e-05
v  -9.6940184 4.1166534 0.12988281
v  -9.7487764 4.123848 0.14912796
v  -9.7823286 4.3102112 0.073108673
v  -9.7303352 4.3184052 0.047599792
v  -9.805419 4.4966278 0.1529274
v  -9.7553263 4.5201416 0.13399887
v  -9.8045301 4.5738297 0.34183884
v  -9.7543621 4.6037064 0.33846664
v  -9.7801752 4.4966354 0.52915955
v  -9.7280054 4.5201492 0.54122543
v  -9.7466269 4.3102341 0.60517883
v  -9.6916876 4.3184052 0.62351227
v  -9.7235346 4.123848 0.52535629
v  -9.6666918 4.1166534 0.53711319
v  -9.7244291 4.0466537 0.3364563
v  -9.6676607 4.0330963 0.33265305
v  -9.7977896 4.1606445 0.19675446
v  -9.8234644 4.3033218 0.13856888
v  -9.8411407 4.445961 0.19966125
v  -9.8404589 4.5050659 0.3442421
v  -9.8218145 4.4459839 0.48762131
v  -9.7961435 4.3033295 0.54579544
v  -9.7784662 4.1606445 0.48471069
v  -9.779151 4.1015701 0.34012985
v  -9.8335867 4.2214661 0.26550293
v  -9.8474836 4.2987061 0.23402786
v  -9.857049 4.3759003 0.26708221
v  -9.8566799 4.4078751 0.3453331
v  -9.8465939 4.375885 0.42292023
v  -9.8326941 4.2987061 0.45441055
v  -9.8231287 4.221489 0.42134857
v  -9.8235016 4.1895065 0.3431015
v  -9.8507252 4.2970657 0.34493256
v  -9.9470549 6.1955109 0.16553116
v  -10.002125 6.202713 0.18387604
v  -10.03441 6.3890915 0.10730743
v  -9.9819956 6.3972626 0.08266449
v  -10.058823 6.5754852 0.18673325
v  -10.008424 6.598999 0.16863632
v  -10.061058 6.6526871 0.37562943
v  -10.010847 6.6825638 0.37309647
v  -10.039814 6.5754929 0.56332397
v  -9.9878454 6.5990067 0.57625961
v  -10.007524 6.3890991 0.63989258
v  -9.9528999 6.3972626 0.6591301
v  -9.9831161 6.2027054 0.56046295
v  -9.9264736 6.1955185 0.57316589
v  -9.9808826 6.1255112 0.3715744
v  -9.9240608 6.1119537 0.36871338
v  -10.051922 6.2395096 0.23067474
v  -10.076629 6.3821869 0.17208099
v  -10.095311 6.524826 0.23286438
v  -10.097023 6.5839157 0.37743759
v  -10.080758 6.5248413 0.52110291
v  -10.056051 6.3822021 0.57970047
v  -10.037367 6.2395096 0.51891327
v  -10.035655 6.1804352 0.37434387
v  -10.088852 6.3003311 0.29883194
v  -10.102222 6.3775711 0.26712036
v  -10.112333 6.4547501 0.3000145
v  -10.113266 6.4867172 0.37826157
v  -10.104463 6.4547501 0.45600891
v  -10.091089 6.3775711 0.4877243
v  -10.080978 6.300354 0.45482254
v  -10.08005 6.2683716 0.3765831
v  -10.107305 6.3759079 0.37796783
v  -11.041236 14.115784 0.25074005
v  -11.096306 14.122986 0.26908493
v  -11.128592 14.309364 0.19251633
v  -11.076177 14.317535 0.16787338
v  -11.153004 14.495758 0.27194214
v  -11.102605 14.519272 0.25384521
v  -11.155239 14.57296 0.46083832
v  -11.105028 14.602837 0.45830536
v  -11.133995 14.495766 0.64853287
v  -11.082026 14.519279 0.66146851
v  -11.101706 14.309372 0.72510147
v  -11.047081 14.317535 0.74433899
v  -11.077297 14.122978 0.64567184
v  -11.020655 14.115791 0.65837479
v  -11.075064 14.045784 0.45678329
v  -11.018242 14.032227 0.45392227
v  -11.146103 14.159782 0.31588364
v  -11.17081 14.30246 0.25728989
v  -11.189492 14.445099 0.31807327
v  -11.191204 14.504189 0.46264648
v  -11.174939 14.445114 0.6063118
v  -11.150232 14.302475 0.66490936
v  -11.131548 14.159782 0.60412216
v  -11.129836 14.100708 0.45955276
v  -11.183033 14.220604 0.38404083
v  -11.196404 14.297844 0.35232925
v  -11.206514 14.375023 0.38522339
v  -11.207447 14.40699 0.46347046
v  -11.198644 14.375023 0.5412178
v  -11.18527 14.297844 0.5729332
v  -11.175159 14.220627 0.54003143
v  -11.174231 14.188644 0.46179199
v  -11.201486 14.296181 0.46317673
v  -11.323955 16.095856 0.27275848
v  -11.379025 16.103058 0.29110336
v  -11.41131 16.289436 0.21453476
v  -11.358895 16.297607 0.18989182
v  -11.435722 16.47583 0.29396057
v  -11.385324 16.499344 0.27586365
v  -11.437958 16.553032 0.48285675
v  -11.387747 16.582909 0.48032379
v  -11.416714 16.475838 0.6705513
v  -11.364745 16.499352 0.68348694
v  -11.384424 16.289444 0.7471199
v  -11.3298 16.297607 0.76635742
v  -11.360016 16.10305 0.66769028
v  -11.303373 16.095863 0.68039322
v  -11.357782 16.025856 0.47880173
v  -11.300961 16.012299 0.4759407
v  -11.428822 16.139854 0.33790207
v  -11.453528 16.282532 0.27930832
v  -11.472211 16.425171 0.34009171
v  -11.473923 16.484261 0.48466492
v  -11.457658 16.425186 0.62833023
v  -11.432951 16.282547 0.6869278
v  -11.414267 16.139854 0.62614059
v  -11.412555 16.08078 0.4815712
v  -11.465752 16.200676 0.40605927
v  -11.479122 16.277916 0.37434769
v  -11.489233 16.355095 0.40724182
v  -11.490166 16.387062 0.48548889
v  -11.481362 16.355095 0.56323624
v  -11.467989 16.277916 0.59495163
v  -11.457878 16.200699 0.56204987
v  -11.456949 16.168716 0.48381042
v  -11.484204 16.276253 0.48519516
v  -10.491695 10.155647 0.20794296
v  -10.546765 10.162849 0.22628784
v  -10.579051 10.349228 0.14971924
v  -10.526636 10.357399 0.12507629
v  -10.603463 10.535622 0.22914505
v  -10.553064 10.559135 0.21104813
v  -10.605699 10.612823 0.41804123
v  -10.555488 10.6427 0.41550827
v  -10.584455 10.535629 0.60573578
v  -10.532486 10.559143 0.61867142
v  -10.552165 10.349236 0.68230438
v  -10.49754 10.357399 0.7015419
v  -10.527757 10.162842 0.60287476
v  -10.471114 10.155655 0.6155777
v  -10.525523 10.085648 0.41398621
v  -10.468701 10.07209 0.41112518
v  -10.596562 10.199646 0.27308655
v  -10.621269 10.342323 0.2144928
v  -10.639952 10.484962 0.27527618
v  -10.641664 10.544052 0.4198494
v  -10.625399 10.484978 0.56351471
v  -10.600692 10.342339 0.62211227
v  -10.582007 10.199646 0.56132507
v  -10.580296 10.140572 0.41675568
v  -10.633492 10.260468 0.34124374
v  -10.646863 10.337708 0.30953217
v  -10.656974 10.414886 0.3424263
v  -10.657907 10.446854 0.42067337
v  -10.649103 10.414886 0.49842072
v  -10.63573 10.337708 0.53013611
v  -10.625619 10.26049 0.49723434
v  -10.62469 10.228508 0.4189949
v  -10.651945 10.336044 0.42037964
v  -11.877456 20.055992 0.31586075
v  -11.932526 20.063194 0.33420563
v  -11.964811 20.249573 0.25763702
v  -11.912396 20.257744 0.23299408
v  -11.989223 20.435966 0.33706284
v  -11.938825 20.45948 0.31896591
v  -11.991459 20.513168 0.52595901
v  -11.941248 20.543045 0.52342606
v  -11.970215 20.435974 0.71365356
v  -11.918246 20.459488 0.7265892
v  -11.937925 20.24958 0.79022217
v  -11.883301 20.257744 0.80945969
v  -11.913517 20.063187 0.71079254
v  -11.856874 20.056 0.72349548
v  -11.911283 19.985992 0.52190399
v  -11.854462 19.972435 0.51904297
v  -11.982323 20.099991 0.38100433
v  -12.00703 20.242668 0.32241058
v  -12.025712 20.385307 0.38319397
v  -12.027424 20.444397 0.52776718
v  -12.011159 20.385323 0.6714325
v  -11.986452 20.242683 0.73003006
v  -11.967768 20.099991 0.66924286
v  -11.966056 20.040916 0.52467346
v  -12.019253 20.160812 0.44916153
v  -12.032623 20.238052 0.41744995
v  -12.042734 20.315231 0.45034409
v  -12.043667 20.347198 0.52859116
v  -12.034863 20.315231 0.6063385
v  -12.02149 20.238052 0.63805389
v  -12.011379 20.160835 0.60515213
v  -12.01045 20.128853 0.52691269
v  -12.037705 20.236389 0.52829742
v  -10.771657 12.135719 0.22974777
v  -10.826726 12.142921 0.24809265
v  -10.859012 12.3293 0.17152405
v  -10.806598 12.337471 0.1468811
v  -10.883424 12.515694 0.25094986
v  -10.833026 12.539207 0.23285294
v  -10.885659 12.592896 0.43984604
v  -10.835448 12.622772 0.43731308
v  -10.864415 12.515701 0.62754059
v  -10.812448 12.539215 0.64047623
v  -10.832126 12.329308 0.70410919
v  -10.777501 12.337471 0.72334671
v  -10.807717 12.142914 0.62467957
v  -10.751075 12.135727 0.63738251
v  -10.805484 12.06572 0.43579102
v  -10.748662 12.052162 0.43292999
v  -10.876523 12.179718 0.29489136
v  -10.901231 12.322395 0.23629761
v  -10.919913 12.465034 0.29708099
v  -10.921624 12.524124 0.44165421
v  -10.90536 12.46505 0.58531952
v  -10.880652 12.322411 0.64391708
v  -10.861968 12.179718 0.58312988
v  -10.860257 12.120644 0.43856049
v  -10.913453 12.24054 0.36304855
v  -10.926824 12.31778 0.33133698
v  -10.936934 12.394958 0.36423111
v  -10.937867 12.426926 0.44247818
v  -10.929065 12.394958 0.52022552
v  -10.91569 12.31778 0.55194092
v  -10.90558 12.240562 0.51903915
v  -10.904651 12.20858 0.44079971
v  -10.931907 12.316116 0.44218445
v  -10.227192 8.1755829 0.18734741
v  -10.282262 8.182785 0.20569229
v  -10.314548 8.3691635 0.12912369
v  -10.262133 8.3773346 0.10448074
v  -10.33896 8.5555573 0.2085495
v  -10.288561 8.579071 0.19045258
v  -10.341195 8.6327591 0.39744568
v  -10.290984 8.6626358 0.39491272
v  -10.319951 8.5555649 0.58514023
v  -10.267982 8.5790787 0.59807587
v  -10.287662 8.3691711 0.66170883
v  -10.233037 8.3773346 0.68094635
v  -10.263253 8.1827774 0.58227921
v  -10.206611 8.1755905 0.59498215
v  -10.26102 8.1055832 0.39339066
v  -10.204198 8.0920258 0.39052963
v  -10.332059 8.2195816 0.252491
v  -10.356766 8.3622589 0.19389725
v  -10.375448 8.5048981 0.25468063
v  -10.37716 8.5639877 0.39925385
v  -10.360895 8.5049133 0.54291916
v  -10.336188 8.3622742 0.60151672
v  -10.317504 8.2195816 0.54072952
v  -10.315792 8.1605072 0.39616013
v  -10.368989 8.2804031 0.32064819
v  -10.38236 8.3576431 0.28893661
v  -10.39247 8.4348221 0.32183075
v  -10.393403 8.4667892 0.40007782
v  -10.3846 8.4348221 0.47782516
v  -10.371226 8.3576431 0.50954056
v  -10.361115 8.280426 0.47663879
v  -10.360187 8.2484436 0.39839935
v  -10.387442 8.3559799 0.39978409
v  -11.600705 18.075928 0.29430771
v  -11.655775 18.08313 0.31265259
v  -11.688061 18.269508 0.23608398
v  -11.635646 18.277679 0.21144104
v  -11.712473 18.455902 0.3155098
v  -11.662074 18.479416 0.29741287
v  -11.714708 18.533104 0.50440598
v  -11.664497 18.562981 0.50187302
v  -11.693464 18.45591 0.69210052
v  -11.641496 18.479424 0.70503616
v  -11.661175 18.269516 0.76866913
v  -11.60655 18.277679 0.78790665
v  -11.636766 18.083122 0.6892395
v  -11.580124 18.075935 0.70194244
v  -11.634533 18.005928 0.50035095
v  -11.577711 17.992371 0.49748993
v  -11.705572 18.119926 0.35945129
v  -11.730279 18.262604 0.30085754
v  -11.748961 18.405243 0.36164093
v  -11.750673 18.464333 0.50621414
v  -11.734408 18.405258 0.64987946
v  -11.709702 18.262619 0.70847702
v  -11.691017 18.119926 0.64768982
v  -11.689305 18.060852 0.50312042
v  -11.742502 18.180748 0.42760849
v  -11.755873 18.257988 0.39589691
v  -11.765984 18.335167 0.42879105
v  -11.766916 18.367134 0.50703812
v  -11.758113 18.335167 0.58478546
v  -11.74474 18.257988 0.61650085
v  -11.734629 18.180771 0.58359909
v  -11.7337 18.148788 0.50535965
v  -11.760955 18.256325 0.50674438
v  9.6940174 4.1166534 0.12988281
v  9.7303343 4.3184052 0.047599792
v  9.7823277 4.3102112 0.073108673
v  9.7487755 4.123848 0.14912796
v  9.7553253 4.5201416 0.13399887
v  9.805418 4.4966278 0.1529274
v  9.7543612 4.6037064 0.33846664
v  9.8045292 4.5738297 0.34183884
v  9.7280045 4.5201492 0.54122543
v  9.7801743 4.4966354 0.52915955
v  9.6916866 4.3184052 0.62351227
v  9.7466259 4.3102341 0.60517883
v  9.6666908 4.1166534 0.53711319
v  9.7235336 4.123848 0.52535629
v  9.6676598 4.0330963 0.33265305
v  9.7244282 4.0466537 0.3364563
v  9.8234634 4.3033218 0.13856888
v  9.7977886 4.1606445 0.19675446
v  9.8411398 4.445961 0.19966125
v  9.8404579 4.5050659 0.3442421
v  9.8218136 4.4459839 0.48762131
v  9.7961426 4.3033295 0.54579544
v  9.7784653 4.1606445 0.48471069
v  9.77915 4.1015701 0.34012985
v  9.8474827 4.2987061 0.23402786
v  9.8335857 4.2214661 0.26550293
v  9.857048 4.3759003 0.26708221
v  9.856679 4.4078751 0.3453331
v  9.8465929 4.375885 0.42292023
v  9.8326931 4.2987061 0.45441055
v  9.8231277 4.221489 0.42134857
v  9.8235006 4.1895065 0.3431015
v  9.8507242 4.2970657 0.34493256
v  9.9470539 6.1955109 0.16553116
v  9.9819946 6.3972626 0.08266449
v  10.03441 6.3890915 0.10730743
v  10.002124 6.202713 0.18387604
v  10.008423 6.598999 0.16863632
v  10.058822 6.5754852 0.18673325
v  10.010846 6.6825638 0.37309647
v  10.061057 6.6526871 0.37562943
v  9.9878445 6.5990067 0.57625961
v  10.039813 6.5754929 0.56332397
v  9.952899 6.3972626 0.6591301
v  10.007524 6.3890991 0.63989258
v  9.9264727 6.1955185 0.57316589
v  9.9831152 6.2027054 0.56046295
v  9.9240599 6.1119537 0.36871338
v  9.9808817 6.1255112 0.3715744
v  10.076628 6.3821869 0.17208099
v  10.051921 6.2395096 0.23067474
v  10.09531 6.524826 0.23286438
v  10.097022 6.5839157 0.37743759
v  10.080757 6.5248413 0.52110291
v  10.05605 6.3822021 0.57970047
v  10.037366 6.2395096 0.51891327
v  10.035654 6.1804352 0.37434387
v  10.102221 6.3775711 0.26712036
v  10.088851 6.3003311 0.29883194
v  10.112332 6.4547501 0.3000145
v  10.113265 6.4867172 0.37826157
v  10.104462 6.4547501 0.45600891
v  10.091088 6.3775711 0.4877243
v  10.080977 6.300354 0.45482254
v  10.080049 6.2683716 0.3765831
v  10.107304 6.3759079 0.37796783
v  11.041235 14.115784 0.25074005
v  11.076176 14.317535 0.16787338
v  11.128591 14.309364 0.19251633
v  11.096305 14.122986 0.26908493
v  11.102604 14.519272 0.25384521
v  11.153003 14.495758 0.27194214
v  11.105027 14.602837 0.45830536
v  11.155238 14.57296 0.46083832
v  11.082026 14.519279 0.66146851
v  11.133994 14.495766 0.64853287
v  11.04708 14.317535 0.74433899
v  11.101705 14.309372 0.72510147
v  11.020654 14.115791 0.65837479
v  11.077296 14.122978 0.64567184
v  11.018241 14.032227 0.45392227
v  11.075063 14.045784 0.45678329
v  11.170809 14.30246 0.25728989
v  11.146102 14.159782 0.31588364
v  11.189491 14.445099 0.31807327
v  11.191203 14.504189 0.46264648
v  11.174938 14.445114 0.6063118
v  11.150231 14.302475 0.66490936
v  11.131547 14.159782 0.60412216
v  11.129835 14.100708 0.45955276
v  11.196403 14.297844 0.35232925
v  11.183032 14.220604 0.38404083
v  11.206513 14.375023 0.38522339
v  11.207446 14.40699 0.46347046
v  11.198643 14.375023 0.5412178
v  11.185269 14.297844 0.5729332
v  11.175159 14.220627 0.54003143
v  11.17423 14.188644 0.46179199
v  11.201485 14.296181 0.46317673
v  11.323954 16.095856 0.27275848
v  11.358894 16.297607 0.18989182
v  11.411309 16.289436 0.21453476
v  11.379024 16.103058 0.29110336
v  11.385323 16.499344 0.27586365
v  11.435721 16.47583 0.29396057
v  11.387746 16.582909 0.48032379
v  11.437957 16.553032 0.48285675
v  11.364744 16.499352 0.68348694
v  11.416713 16.475838 0.6705513
v  11.329799 16.297607 0.76635742
v  11.384423 16.289444 0.7471199
v  11.303372 16.095863 0.68039322
v  11.360015 16.10305 0.66769028
v  11.30096 16.012299 0.4759407
v  11.357781 16.025856 0.47880173
v  11.453527 16.282532 0.27930832
v  11.428821 16.139854 0.33790207
v  11.47221 16.425171 0.34009171
v  11.473922 16.484261 0.48466492
v  11.457657 16.425186 0.62833023
v  11.43295 16.282547 0.6869278
v  11.414266 16.139854 0.62614059
v  11.412554 16.08078 0.4815712
v  11.479121 16.277916 0.37434769
v  11.465751 16.200676 0.40605927
v  11.489232 16.355095 0.40724182
v  11.490165 16.387062 0.48548889
v  11.481361 16.355095 0.56323624
v  11.467988 16.277916 0.59495163
v  11.457877 16.200699 0.56204987
v  11.456948 16.168716 0.48381042
v  11.484203 16.276253 0.48519516
v  10.491694 10.155647 0.20794296
v  10.526635 10.357399 0.12507629
v  10.57905 10.349228 0.14971924
v  10.546764 10.162849 0.22628784
v  10.553063 10.559135 0.21104813
v  10.603462 10.535622 0.22914505
v  10.555487 10.6427 0.41550827
v  10.605698 10.612823 0.41804123
v  10.532485 10.559143 0.61867142
v  10.584454 10.535629 0.60573578
v  10.49754 10.357399 0.7015419
v  10.552164 10.349236 0.68230438
v  10.471113 10.155655 0.6155777
v  10.527756 10.162842 0.60287476
v  10.4687 10.07209 0.41112518
v  10.525522 10.085648 0.41398621
v  10.621268 10.342323 0.2144928
v  10.596561 10.199646 0.27308655
v  10.639951 10.484962 0.27527618
v  10.641663 10.544052 0.4198494
v  10.625398 10.484978 0.56351471
v  10.600691 10.342339 0.62211227
v  10.582006 10.199646 0.56132507
v  10.580295 10.140572 0.41675568
v  10.646862 10.337708 0.30953217
v  10.633492 10.260468 0.34124374
v  10.656973 10.414886 0.3424263
v  10.657906 10.446854 0.42067337
v  10.649102 10.414886 0.49842072
v  10.635729 10.337708 0.53013611
v  10.625618 10.26049 0.49723434
v  10.624689 10.228508 0.4189949
v  10.651944 10.336044 0.42037964
v  11.877455 20.055992 0.31586075
v  11.912395 20.257744 0.23299408
v  11.96481 20.249573 0.25763702
v  11.932525 20.063194 0.33420563
v  11.938824 20.45948 0.31896591
v  11.989223 20.435966 0.33706284
v  11.941247 20.543045 0.52342606
v  11.991458 20.513168 0.52595901
v  11.918245 20.459488 0.7265892
v  11.970214 20.435974 0.71365356
v  11.8833 20.257744 0.80945969
v  11.937924 20.24958 0.79022217
v  11.856874 20.056 0.72349548
v  11.913516 20.063187 0.71079254
v  11.854461 19.972435 0.51904297
v  11.911283 19.985992 0.52190399
v  12.007029 20.242668 0.32241058
v  11.982322 20.099991 0.38100433
v  12.025711 20.385307 0.38319397
v  12.027423 20.444397 0.52776718
v  12.011158 20.385323 0.6714325
v  11.986451 20.242683 0.73003006
v  11.967767 20.099991 0.66924286
v  11.966055 20.040916 0.52467346
v  12.032622 20.238052 0.41744995
v  12.019252 20.160812 0.44916153
v  12.042733 20.315231 0.45034409
v  12.043666 20.347198 0.52859116
v  12.034863 20.315231 0.6063385
v  12.021489 20.238052 0.63805389
v  12.011378 20.160835 0.60515213
v  12.010449 20.128853 0.52691269
v  12.037704 20.236389 0.52829742
v  10.771656 12.135719 0.22974777
v  10.806597 12.337471 0.1468811
v  10.859011 12.3293 0.17152405
v  10.826725 12.142921 0.24809265
v  10.833025 12.539207 0.23285294
v  10.883423 12.515694 0.25094986
v  10.835447 12.622772 0.43731308
v  10.885658 12.592896 0.43984604
v  10.812447 12.539215 0.64047623
v  10.864414 12.515701 0.62754059
v  10.7775 12.337471 0.72334671
v  10.832125 12.329308 0.70410919
v  10.751074 12.135727 0.63738251
v  10.807716 12.142914 0.62467957
v  10.748661 12.052162 0.43292999
v  10.805483 12.06572 0.43579102
v  10.90123 12.322395 0.23629761
v  10.876522 12.179718 0.29489136
v  10.919912 12.465034 0.29708099
v  10.921623 12.524124 0.44165421
v  10.905359 12.46505 0.58531952
v  10.880651 12.322411 0.64391708
v  10.861967 12.179718 0.58312988
v  10.860256 12.120644 0.43856049
v  10.926823 12.31778 0.33133698
v  10.913452 12.24054 0.36304855
v  10.936934 12.394958 0.36423111
v  10.937866 12.426926 0.44247818
v  10.929064 12.394958 0.52022552
v  10.915689 12.31778 0.55194092
v  10.905579 12.240562 0.51903915
v  10.90465 12.20858 0.44079971
v  10.931906 12.316116 0.44218445
v  10.227191 8.1755829 0.18734741
v  10.262132 8.3773346 0.10448074
v  10.314547 8.3691635 0.12912369
v  10.282261 8.182785 0.20569229
v  10.28856 8.579071 0.19045258
v  10.338959 8.5555573 0.2085495
v  10.290983 8.6626358 0.39491272
v  10.341194 8.6327591 0.39744568
v  10.267982 8.5790787 0.59807587
v  10.31995 8.5555649 0.58514023
v  10.233036 8.3773346 0.68094635
v  10.287661 8.3691711 0.66170883
v  10.20661 8.1755905 0.59498215
v  10.263252 8.1827774 0.58227921
v  10.204197 8.0920258 0.39052963
v  10.261019 8.1055832 0.39339066
v  10.356765 8.3622589 0.19389725
v  10.332058 8.2195816 0.252491
v  10.375447 8.5048981 0.25468063
v  10.377159 8.5639877 0.39925385
v  10.360894 8.5049133 0.54291916
v  10.336187 8.3622742 0.60151672
v  10.317503 8.2195816 0.54072952
v  10.315791 8.1605072 0.39616013
v  10.382359 8.3576431 0.28893661
v  10.368988 8.2804031 0.32064819
v  10.392469 8.4348221 0.32183075
v  10.393402 8.4667892 0.40007782
v  10.384599 8.4348221 0.47782516
v  10.371225 8.3576431 0.50954056
v  10.361115 8.280426 0.47663879
v  10.360186 8.2484436 0.39839935
v  10.387441 8.3559799 0.39978409
v  11.600704 18.075928 0.29430771
v  11.635645 18.277679 0.21144104
v  11.68806 18.269508 0.23608398
v  11.655774 18.08313 0.31265259
v  11.662073 18.479416 0.29741287
v  11.712472 18.455902 0.3155098
v  11.664496 18.562981 0.50187302
v  11.714707 18.533104 0.50440598
v  11.641495 18.479424 0.70503616
v  11.693463 18.45591 0.69210052
v  11.606549 18.277679 0.78790665
v  11.661174 18.269516 0.76866913
v  11.580123 18.075935 0.70194244
v  11.636765 18.083122 0.6892395
v  11.57771 17.992371 0.49748993
v  11.634532 18.005928 0.50035095
v  11.730278 18.262604 0.30085754
v  11.705571 18.119926 0.35945129
v  11.74896 18.405243 0.36164093
v  11.750672 18.464333 0.50621414
v  11.734407 18.405258 0.64987946
v  11.709701 18.262619 0.70847702
v  11.691016 18.119926 0.64768982
v  11.689304 18.060852 0.50312042
v  11.755872 18.257988 0.39589691
v  11.742501 18.180748 0.42760849
v  11.765983 18.335167 0.42879105
v  11.766915 18.367134 0.50703812
v  11.758112 18.335167 0.58478546
v  11.744739 18.257988 0.61650085
v  11.734628 18.180771 0.58359909
v  11.733699 18.148788 0.50535965
v  11.760954 18.256325 0.50674438
v  -12.454448 23.601372 -0.87068939
v  -12.485044 23.606041 -0.86904907
v  -12.490123 23.694176 -0.92858124
v  -12.460104 23.697388 -0.93528366
v  -12.515 23.796333 -0.91187668
v  -12.487074 23.808632 -0.91733932
v  -12.541639 23.855942 -0.82566833
v  -12.51591 23.873154 -0.8240242
v  -12.554024 23.836357 -0.72003937
v  -12.529318 23.851952 -0.70969009
v  -12.544453 23.746895 -0.65634918
v  -12.518912 23.754456 -0.64061737
v  -12.523193 23.640503 -0.67596054
v  -12.495744 23.638672 -0.66168976
v  -12.498687 23.583084 -0.76425552
v  -12.469215 23.576515 -0.75726318
v  -12.516283 23.628838 -0.85503769
v  -12.520046 23.695786 -0.90047455
v  -12.539049 23.773468 -0.8875885
v  -12.559441 23.819084 -0.82160187
v  -12.568922 23.8041 -0.74075317
v  -12.561628 23.736137 -0.69211578
v  -12.545485 23.655212 -0.70724106
v  -12.526727 23.611267 -0.77482986
v  -12.54342 23.666275 -0.8307724
v  -12.545323 23.701988 -0.85523987
v  -12.555575 23.743492 -0.84815216
v  -12.566612 23.768181 -0.81243896
v  -12.571741 23.760071 -0.76868439
v  -12.567828 23.723831 -0.74246979
v  -12.559223 23.68055 -0.75078583
v  -12.549072 23.656769 -0.78736115
v  -12.5621 23.711838 -0.79975128
v  -12.48936 23.627151 0.68392563
v  -12.517734 23.629944 0.69607925
v  -12.538102 23.731438 0.66478348
v  -12.511406 23.737007 0.65005112
v  -12.548055 23.826508 0.71535492
v  -12.52218 23.839905 0.70479202
v  -12.541765 23.859467 0.8181572
v  -12.515371 23.87558 0.81606674
v  -12.522915 23.810997 0.91297913
v  -12.494967 23.823128 0.91870117
v  -12.502547 23.709511 0.9442749
v  -12.472921 23.713272 0.95257187
v  -12.492593 23.614433 0.89369965
v  -12.462148 23.610367 0.89783478
v  -12.498884 23.581482 0.79089355
v  -12.468956 23.574692 0.78655243
v  -12.542214 23.64724 0.72424698
v  -12.557802 23.724915 0.70030212
v  -12.565422 23.797684 0.73900223
v  -12.560607 23.822906 0.81768799
v  -12.546179 23.78582 0.89026642
v  -12.53059 23.708138 0.91421127
v  -12.522971 23.635368 0.87551117
v  -12.527787 23.610146 0.79682159
v  -12.559079 23.676392 0.76415634
v  -12.567516 23.71843 0.751194
v  -12.571639 23.757812 0.7721405
v  -12.569034 23.771461 0.81472397
v  -12.561225 23.751389 0.85400391
v  -12.552788 23.709343 0.86696625
v  -12.548665 23.669968 0.84601974
v  -12.551271 23.656311 0.80342865
v  -12.565753 23.712959 0.80971527
v  -12.280379 22.243362 -0.10204697
v  -12.310404 22.247238 -0.095420837
v  -12.324388 22.343643 -0.14238739
v  -12.295512 22.347702 -0.15288925
v  -12.342297 22.44416 -0.10677338
v  -12.314892 22.45652 -0.11433411
v  -12.353639 22.489929 -0.0094490051
v  -12.32717 22.50605 -0.0089950562
v  -12.351768 22.454117 0.092571259
v  -12.32515 22.467293 0.10144043
v  -12.337788 22.357712 0.13953781
v  -12.310015 22.362946 0.15227127
v  -12.319878 22.257187 0.10391998
v  -12.29063 22.254135 0.11372375
v  -12.308537 22.211418 0.006603241
v  -12.278356 22.204597 0.0083770752
v  -12.339268 22.267563 -0.074314117
v  -12.349971 22.341347 -0.11025238
v  -12.363678 22.418289 -0.083000183
v  -12.372356 22.453308 -0.0085105896
v  -12.370932 22.425903 0.069580078
v  -12.360226 22.352127 0.10552216
v  -12.346519 22.275177 0.078266144
v  -12.337837 22.240158 0.0037765503
v  -12.362576 22.301247 -0.041931152
v  -12.368367 22.341179 -0.061386108
v  -12.375785 22.38282 -0.046630859
v  -12.380482 22.401779 -0.0063209534
v  -12.37971 22.38694 0.035938263
v  -12.373919 22.347015 0.055393219
v  -12.366501 22.305367 0.040641785
v  -12.361801 22.286415 0.00032424927
v  -12.376777 22.34317 -0.0032157898
v  12.454448 23.601372 -0.87068939
v  12.460104 23.697388 -0.93528366
v  12.490123 23.694176 -0.92858124
v  12.485044 23.606041 -0.86904907
v  12.487074 23.808632 -0.91733932
v  12.515 23.796333 -0.91187668
v  12.51591 23.873154 -0.8240242
v  12.541639 23.855942 -0.82566833
v  12.529318 23.851952 -0.70969009
v  12.554024 23.836357 -0.72003937
v  12.518912 23.754456 -0.64061737
v  12.544453 23.746895 -0.65634918
v  12.495744 23.638672 -0.66168976
v  12.523193 23.640503 -0.67596054
v  12.469215 23.576515 -0.75726318
v  12.498687 23.583084 -0.76425552
v  12.520046 23.695786 -0.90047455
v  12.516283 23.628838 -0.85503769
v  12.539049 23.773468 -0.8875885
v  12.559441 23.819084 -0.82160187
v  12.568922 23.8041 -0.74075317
v  12.561628 23.736137 -0.69211578
v  12.545485 23.655212 -0.70724106
v  12.526727 23.611267 -0.77482986
v  12.545323 23.701988 -0.85523987
v  12.54342 23.666275 -0.8307724
v  12.555575 23.743492 -0.84815216
v  12.566612 23.768181 -0.81243896
v  12.571741 23.760071 -0.76868439
v  12.567828 23.723831 -0.74246979
v  12.559223 23.68055 -0.75078583
v  12.549072 23.656769 -0.78736115
v  12.5621 23.711838 -0.79975128
v  12.48936 23.627151 0.68392563
v  12.511406 23.737007 0.65005112
v  12.538102 23.731438 0.66478348
v  12.517734 23.629944 0.69607925
v  12.52218 23.839905 0.70479202
v  12.548055 23.826508 0.71535492
v  12.515371 23.87558 0.81606674
v  12.541765 23.859467 0.8181572
v  12.494967 23.823128 0.91870117
v  12.522915 23.810997 0.91297913
v  12.472921 23.713272 0.95257187
v  12.502547 23.709511 0.9442749
v  12.462148 23.610367 0.89783478
v  12.492593 23.614433 0.89369965
v  12.468956 23.574692 0.78655243
v  12.498884 23.581482 0.79089355
v  12.557802 23.724915 0.70030212
v  12.542214 23.64724 0.72424698
v  12.565422 23.797684 0.73900223
v  12.560607 23.822906 0.81768799
v  12.546179 23.78582 0.89026642
v  12.53059 23.708138 0.91421127
v  12.522971 23.635368 0.87551117
v  12.527787 23.610146 0.79682159
v  12.567516 23.71843 0.751194
v  12.559079 23.676392 0.76415634
v  12.571639 23.757812 0.7721405
v  12.569034 23.771461 0.81472397
v  12.561225 23.751389 0.85400391
v  12.552788 23.709343 0.86696625
v  12.548665 23.669968 0.84601974
v  12.551271 23.656311 0.80342865
v  12.565753 23.712959 0.80971527
v  12.280379 22.243362 -0.10204697
v  12.295512 22.347702 -0.15288925
v  12.324388 22.343643 -0.14238739
v  12.310404 22.247238 -0.095420837
v  12.314892 22.45652 -0.11433411
v  12.342297 22.44416 -0.10677338
v  12.32717 22.50605 -0.0089950562
v  12.353639 22.489929 -0.0094490051
v  12.32515 22.467293 0.10144043
v  12.351768 22.454117 0.092571259
v  12.310015 22.362946 0.15227127
v  12.337788 22.357712 0.13953781
v  12.29063 22.254135 0.11372375
v  12.319878 22.257187 0.10391998
v  12.278356 22.204597 0.0083770752
v  12.308537 22.211418 0.006603241
v  12.349971 22.341347 -0.11025238
v  12.339268 22.267563 -0.074314117
v  12.363678 22.418289 -0.083000183
v  12.372356 22.453308 -0.0085105896
v  12.370932 22.425903 0.069580078
v  12.360226 22.352127 0.10552216
v  12.346519 22.275177 0.078266144
v  12.337837 22.240158 0.0037765503
v  12.368367 22.341179 -0.061386108
v  12.362576 22.301247 -0.041931152
v  12.375785 22.38282 -0.046630859
v  12.380482 22.401779 -0.0063209534
v  12.37971 22.38694 0.035938263
v  12.373919 22.347015 0.055393219
v  12.366501 22.305367 0.040641785
v  12.361801 22.286415 0.00032424927
v  12.376777 22.34317 -0.0032157898

# 0 UV coordinates

# 2077 vertex normals
vn 0.00026605927 0.99999994 4.9770959e-05
vn -0.13675703 0.70779592 0.69305295
vn -0.29690522 0.69815063 0.65148526
vn 0.0011553325 0.9999994 0.00011357501
vn -0.1926652 -1.9392854e-05 0.98126447
vn -0.41263574 -5.0860159e-05 0.91089606
vn -0.13624364 -0.70780385 0.69314599
vn -0.29535165 -0.69825995 0.65207392
vn 0.00023941962 -0.99999988 3.8237966e-05
vn 0.00096676912 -0.99999958 4.649489e-05
vn 0.13792318 -0.70781064 -0.69280678
vn 0.30139935 -0.69729024 -0.65034193
vn 0.19565 -3.0231024e-05 -0.98067373
vn 0.42336878 -0.00013194662 -0.90595746
vn 0.13855256 0.70780599 -0.69268596
vn 0.30424556 0.69714832 -0.6491679
vn -0.29471642 0.68583614 0.6654104
vn 0.00083858205 0.99999756 -0.0020386577
vn -0.40528187 -5.3661901e-05 0.91419172
vn -0.29441938 -0.68591297 0.66546267
vn 0.00088792737 -0.99999768 -0.0019919374
vn 0.29836625 -0.67678404 -0.67300886
vn 0.4061029 -0.00020980295 -0.91382736
vn 0.29844576 0.67669636 -0.67306173
vn -0.29557645 0.68742615 0.66338509
vn -0.00024295886 0.99999744 -0.002268099
vn -0.40919095 -3.3581076e-05 0.91244876
vn -0.29675606 -0.68750989 0.66277152
vn -3.3680299e-05 -0.99999762 -0.0021602197
vn 0.29489323 -0.67900246 -0.67230463
vn 0.3995972 -0.0001175726 -0.91669083
vn 0.29230487 0.67890084 -0.6735366
vn -0.43285131 0.70500445 0.56179035
vn -0.00017423707 1 -0.00015854448
vn -0.61130142 -1.0322836e-05 0.79139781
vn -0.43321955 -0.70499718 0.56151545
vn -0.00017629683 -1 -0.00016015139
vn 0.43200603 -0.70498663 -0.56246293
vn 0.60924065 -1.0358278e-05 -0.79298544
vn 0.43164507 0.70499331 -0.56273168
vn -0.53427976 0.70726317 0.46295145
vn 0.00094828656 0.99999893 0.0011063396
vn -0.75527203 -1.9379189e-07 0.65541136
vn -0.53427356 -0.70726311 0.46295869
vn 0.00096498505 -0.99999887 0.0011258051
vn 0.54190016 -0.70737946 -0.45382655
vn 0.76872098 2.3361545e-06 -0.6395843
vn 0.54184246 0.70737892 -0.45389634
vn -0.62267405 0.70528835 0.33888841
vn 0.0066344272 0.99997729 -0.0012357044
vn -0.87754846 0.0067161145 0.47944102
vn -0.63103968 -0.69609487 0.34240448
vn 0.006996701 -0.99997455 -0.0013556576
vn 0.6368559 -0.69482917 -0.33410636
vn 0.88546592 -0.034255385 -0.46344009
vn 0.65319979 0.67575967 -0.34158292
vn -0.70622331 0.69126743 0.15296382
vn 0.0096743815 0.99994689 -0.0035597468
vn -0.97736979 0.0092303604 0.21133649
vn -0.71934104 -0.67693663 0.15590137
vn 0.010071442 -0.99994171 -0.0038736954
vn 0.71818054 -0.67617637 -0.16432394
vn 0.97296435 -0.054003526 -0.22455317
vn 0.74566001 0.64414048 -0.17051171
vn -0.71128988 0.69033706 0.13229331
vn 0.0053391028 0.99998456 -0.0015619493
vn -0.98311895 0.003290992 0.18293792
vn -0.71695358 -0.68438298 0.13265644
vn 0.0062558646 -0.99997884 -0.0017826452
vn 0.7217322 -0.67804539 -0.1391295
vn 0.98105669 -0.025920233 -0.19197866
vn 0.73468107 0.66340631 -0.14190026
vn -0.63473016 0.70037901 0.32647637
vn -0.00037914401 0.99999958 -0.00087887561
vn -0.88987231 0.00045456243 0.45620948
vn -0.63569927 -0.70005941 0.32527414
vn 0.0022361558 -0.99999607 -0.0016955438
vn 0.638134 -0.69491327 -0.33148253
vn 0.88573068 -0.0056160931 -0.46416542
vn 0.63832653 0.69297963 -0.33513939
vn -0.43312177 0.71221662 0.55240655
vn -0.0015615043 0.99999821 -0.00099018915
vn -0.61752564 -0.0002221427 0.78655076
vn -0.43415695 -0.71308422 0.55047131
vn -0.00022752122 -0.99999994 -0.00032670863
vn 0.42449501 -0.71494192 -0.5555737
vn 0.59844202 0.00045995697 -0.801166
vn 0.41937786 0.71493489 -0.55945534
vn -0.060371093 0.99807352 -0.014301435
vn 0.62685764 0.71466881 0.31031933
vn 0.72539991 0.6879707 -0.022163687
vn -0.03449364 0.99928683 -0.015371688
vn 0.88492393 0.032719936 0.46458471
vn 0.99997592 0.0068252957 -0.0012734834
vn 0.66537809 -0.66236812 0.34429687
vn 0.7463088 -0.66523963 0.021896023
vn 0.040407609 -0.99894309 0.021909799
vn 0.025562055 -0.99921262 0.030344842
vn -0.64127529 -0.719293 -0.26717719
vn -0.72529936 -0.68725467 0.040271107
vn -0.93751657 -0.030151024 -0.34663168
vn -0.99877346 -0.0072777295 0.048976135
vn -0.72049391 0.64190751 -0.26238039
vn -0.7557171 0.65448993 0.023117401
vn -0.027215414 0.99923646 -0.028033534
vn -0.1802814 0.75203085 -0.63399386
vn 0.10033036 0.77591753 0.62280476
vn 0.15343678 0.027636314 0.98777199
vn 0.11493684 -0.74464715 0.65748769
vn 0.017011102 -0.99963325 0.02107591
vn -0.12202944 -0.78965956 -0.60128742
vn -0.24627438 -0.025369499 -0.96886796
vn 0 1 1.2731731e-05
vn 0 0.70663065 0.70758259
vn 0 2.5172592e-06 1
vn 0 -0.70662844 0.70758474
vn 0 -0.99999994 -1.0650174e-06
vn 0 -0.70661604 -0.70759714
vn 0 -3.0658625e-06 -1
vn 0 0.70662391 -0.70758933
vn -0.00092987443 0.99999958 0.00012956321
vn -0.0018408044 0.99999785 -0.00091980159
vn 0.15882765 0.70184553 0.69439662
vn 0.063359693 0.70708936 0.70427984
vn 0.21936879 -4.9772088e-06 0.97564197
vn 0.087642461 1.3720232e-07 0.99615204
vn 0.15627417 -0.70189565 0.69492513
vn 0.061727218 -0.70705646 0.70445782
vn -0.001816433 -0.99999785 -0.00090483483
vn -0.00081722467 -0.99999958 0.00010663775
vn -0.16734138 -0.69553977 -0.69872826
vn -0.067583293 -0.7071718 -0.70380437
vn -0.23588803 -9.5968062e-06 -0.97178024
vn -0.098574497 -1.6569611e-05 -0.9951297
vn -0.1702791 0.69540989 -0.69814748
vn -0.070162714 0.70722413 -0.70349926
vn -0.00058165868 0.99999785 -0.0019594107
vn 0.31694344 0.693362 0.64714456
vn 0.43949211 1.4926158e-05 0.89824647
vn 0.31716263 -0.69348568 0.64690441
vn -0.00067995396 -0.99999791 -0.0019221953
vn -0.3200039 -0.68375987 -0.65579712
vn -0.43698525 1.9138053e-05 -0.89946866
vn -0.31915078 0.68367326 -0.65630317
vn 0.00054838898 0.99999881 -0.0014373299
vn 0.44243774 0.69323117 0.5689283
vn 0.61631489 2.6857131e-05 0.78749985
vn 0.44418007 -0.69314098 0.56767917
vn 0.0005142244 -0.99999881 -0.001408731
vn -0.4404034 -0.68882889 -0.57581216
vn -0.60547072 2.0638447e-05 -0.79586762
vn -0.43830574 0.68889993 -0.57732576
vn 0.00057977467 0.9999994 -0.00088213047
vn 0.49544623 0.70341492 0.50964737
vn 0.69681591 -7.2917632e-05 0.71724999
vn 0.49305528 -0.70335585 0.51204199
vn 0.00017987216 -0.99999994 -0.00050443452
vn -0.4908714 -0.70183444 -0.51621091
vn -0.6881808 6.8598583e-06 -0.72553915
vn -0.48997158 0.70187777 -0.51700628
vn -0.0049469918 0.99998361 -0.0028884651
vn 0.58846831 0.69622451 0.41106752
vn 0.81847334 -0.031953238 0.57365537
vn 0.57297307 -0.71225238 0.40546077
vn -0.00019643396 -0.99999994 0.00024228015
vn -0.57798094 -0.70698506 -0.4075661
vn -0.81734669 -2.6134197e-05 -0.57614607
vn -0.576159 0.70926338 -0.40618503
vn -0.0068838731 0.99997169 -0.0030412625
vn 0.70417428 0.67146003 0.23082434
vn 0.94848043 -0.055410981 0.31195268
vn 0.67945784 -0.70021969 0.21915655
vn 0.00025737923 -0.99999988 -0.00047221698
vn -0.6891256 -0.68922585 -0.2237713
vn -0.95088518 -0.00012897408 -0.30954364
vn -0.68432957 0.69489014 -0.22095382
vn 0.0037277853 0.99999309 -6.0276103e-05
vn 0.73003155 0.66761923 0.14607763
vn 0.98114765 -0.03035271 0.19086118
vn 0.71332031 -0.6875447 0.13585477
vn -0.0017302326 -0.99999589 -0.0022652505
vn -0.72563511 -0.6718021 -0.14878032
vn -0.97876012 0.0074779983 -0.20487231
vn -0.71412063 0.6837948 -0.14985512
vn 0.0050851791 0.99998665 0.00094856939
vn 0.69005692 0.69303328 0.20862961
vn 0.95757878 -0.0067141135 0.28809336
vn 0.68361354 -0.70061421 0.20448059
vn -0.0023379743 -0.99999684 -0.00095853856
vn -0.69292772 -0.68985802 -0.20963565
vn -0.95608574 0.0076674758 -0.29298687
vn -0.68435889 0.69801134 -0.2107916
vn 0.0016184797 0.99999869 1.5467902e-05
vn 0.61756498 0.70324224 0.35222682
vn 0.86923528 -0.0002411036 0.49439868
vn 0.61739773 -0.70385545 0.35129413
vn -0.00011206807 -0.99999976 -0.00067406899
vn -0.61624444 -0.70413816 -0.35274985
vn -0.86751807 0.00018036964 -0.49740565
vn -0.61439848 0.70521975 -0.35380745
vn 0.0015615084 0.99999821 -0.00099019718
vn 0.43312174 0.71221662 0.55240655
vn 0.61752564 -0.0002221427 0.78655076
vn 0.43415689 -0.71308422 0.55047131
vn 0.00022751314 -0.99999994 -0.00032670458
vn -0.42449501 -0.71494192 -0.5555737
vn -0.59844196 0.00045995691 -0.80116594
vn -0.41937786 0.71493489 -0.55945534
vn 0.060371082 0.99807352 -0.014301436
vn 0.03449364 0.99928683 -0.015371689
vn -0.72539997 0.68797082 -0.022163695
vn -0.62685764 0.71466881 0.31031933
vn -0.99997592 0.0068252957 -0.0012734834
vn -0.88492393 0.032719936 0.46458471
vn -0.7463088 -0.66523963 0.021896023
vn -0.66537809 -0.66236812 0.34429687
vn -0.025562054 -0.99921256 0.030344838
vn -0.040407602 -0.99894309 0.021909794
vn 0.72529936 -0.68725467 0.040271107
vn 0.64127529 -0.719293 -0.26717719
vn 0.99877346 -0.0072777295 0.048976135
vn 0.93751657 -0.030151024 -0.34663168
vn 0.7557171 0.65448993 0.023117401
vn 0.72049385 0.64190751 -0.26238036
vn 0.18028142 0.75203085 -0.63399386
vn 0.02721541 0.99923646 -0.028033527
vn -0.10033036 0.77591753 0.62280476
vn -0.15343678 0.027636314 0.98777199
vn -0.11493684 -0.74464715 0.65748769
vn -0.017011102 -0.99963325 0.021075927
vn 0.12202945 -0.78965956 -0.60128742
vn 0.2462744 -0.025369499 -0.96886796
vn -0.17808937 0.12595671 -0.9759196
vn -0.13242331 0.6381864 -0.75840765
vn 0.34802213 0.44262916 -0.82641399
vn -0.0055478076 0.11681408 -0.99313831
vn -0.040888906 0.96451181 -0.2608543
vn 0.6483314 0.67968011 -0.34307626
vn 0.0031140186 -0.056779265 -0.99838191
vn 0.5513013 -0.044128057 -0.83313841
vn 0.35254765 -0.52961034 -0.77150697
vn -0.0034147878 -0.22957593 -0.97328472
vn 0.9381333 -0.014332305 -0.3459776
vn 0.65547007 -0.70704699 -0.26541206
vn -0.17587015 -0.23700163 -0.95545787
vn -0.12522008 -0.71889389 -0.68374813
vn -0.59457403 -0.51200318 -0.61994708
vn -0.33926341 -0.22188199 -0.91414917
vn -0.030780386 -0.98778194 -0.15277229
vn -0.71387315 -0.69655269 -0.072107546
vn -0.35258394 -0.055073842 -0.93415815
vn -0.78822821 -0.039039671 -0.61414343
vn -0.60027069 0.43415272 -0.67170417
vn -0.34139162 0.11488018 -0.9328742
vn -0.9975279 -0.009253162 -0.069659621
vn -0.72134978 0.67644709 -0.14857309
vn 0.041776188 0.96355468 -0.26422894
vn -0.64761788 0.67945611 -0.34486288
vn -0.93814319 -0.014566735 -0.34594092
vn -0.65539205 -0.70714301 -0.26534882
vn 0.031120135 -0.98804682 -0.15098046
vn 0.71394831 -0.69666189 -0.070285656
vn 0.9975251 -0.0094743073 -0.069668986
vn 0.72152418 0.67587107 -0.15033643
vn -0.18206051 -0.056905061 -0.98163939
vn 0.17629921 -0.23804207 -0.95512015
vn 0.18205921 -0.056907732 -0.9816395
vn 0.35247183 -0.055314146 -0.93418628
vn 0.3402676 -0.22391151 -0.91328073
vn 0.17852503 0.12300017 -0.97621715
vn 0.3405759 0.11281093 -0.93342477
vn -0.0032536516 -0.057035405 -0.99836689
vn 0.0028456757 -0.22916709 -0.97338295
vn 0.0068367301 0.11466118 -0.99338102
vn 0.13383788 0.63323206 -0.7623021
vn -0.34588397 0.44029579 -0.82855529
vn -0.55140615 -0.044648938 -0.83304119
vn -0.35294205 -0.52936536 -0.77149475
vn 0.12605081 -0.72078109 -0.68160546
vn 0.59570861 -0.51403236 -0.61717254
vn 0.78816146 -0.039526682 -0.61419797
vn 0.59949088 0.43155321 -0.67407155
vn -0.209777 -0.38711694 -0.89784968
vn -0.19934346 -0.62788403 -0.75234562
vn -0.71059358 -0.44888785 -0.54180855
vn -0.71393585 -0.33646438 -0.61407441
vn -0.95530051 -0.18575706 -0.2299896
vn -0.94803846 -0.21097407 -0.23814484
vn -0.19654168 0.94510692 -0.26104462
vn 0.00063896517 0.96916866 -0.24639753
vn 0.0012575944 0.54282957 -0.8398419
vn -0.21760422 0.51313001 -0.83026868
vn 0.00062608981 -0.074737556 -0.99720311
vn -0.21714467 -0.11965197 -0.96877843
vn -0.97226298 0.014965235 -0.2334113
vn -0.99877435 0.049404122 -0.0030248614
vn -0.73883241 0.67388821 0.0012451074
vn -0.72692525 0.63490123 -0.26168692
vn -0.21564031 0.97646737 0.0032857126
vn -0.19491 -0.091154724 0.97657609
vn 0.00085132866 -0.071788512 0.99741948
vn 0.0013233586 0.54740483 0.83686697
vn -0.22075415 0.54919392 0.8060109
vn 0.00059999782 0.96877652 0.24793479
vn -0.22082947 0.94702989 0.23317106
vn -0.96950036 -0.19127852 0.15323718
vn -0.95073467 -0.30576801 -0.051084183
vn -0.68841809 -0.64380419 0.33406091
vn -0.70527673 -0.45389649 0.54457575
vn -0.18799993 -0.84579927 0.49927926
vn -0.19529407 -0.62980735 0.75179982
vn -0.17148875 -0.85716426 -0.48565537
vn -0.00024463699 -0.87117088 -0.49097994
vn -0.00051828264 -0.99999708 -0.0023496691
vn -0.1739523 -0.98466122 0.013520901
vn -0.0002275872 -0.87245315 0.4886975
vn 3.3916413e-06 0.99999321 0.0036991416
vn 0 -0.64237905 0.76638705
vn 0.0002601372 -0.37346905 0.92764258
vn -0.21174496 -0.38866669 0.89671743
vn 3.1027255e-05 -0.64114052 -0.76742351
vn 0.00012968584 -0.37185964 -0.92828906
vn -0.99036407 -0.12731807 -0.054489847
vn -0.98315102 -0.18277319 -0.0028395297
vn -0.94885391 -0.21240558 0.23358123
vn -0.71650726 -0.3369363 0.61081195
vn -0.67443967 -0.65452236 -0.34166008
vn -0.65068477 0.40912977 -0.6397047
vn -0.74605292 -0.092119142 -0.65948385
vn -0.74476308 0.61984468 0.2472259
vn -0.65473974 0.41410673 0.63232225
vn -0.72338742 -0.091311902 0.68437761
vn -0.96940464 -0.001027362 0.24546607
vn -0.55377012 -0.83266318 0.0032634092
vn 0.209777 -0.38711694 -0.89784968
vn 0.71393579 -0.33646435 -0.61407441
vn 0.71059358 -0.44888785 -0.54180849
vn 0.19934346 -0.62788403 -0.75234562
vn 0.94803846 -0.21097407 -0.23814484
vn 0.95530051 -0.18575703 -0.22998957
vn 0.1965417 0.94510692 -0.26104462
vn 0.21760422 0.51313007 -0.83026868
vn -0.0012575944 0.54282957 -0.8398419
vn -0.00063896517 0.96916866 -0.24639753
vn 0.21714465 -0.11965197 -0.96877843
vn -0.00062608981 -0.074737556 -0.99720311
vn 0.97226298 0.014965244 -0.2334113
vn 0.72692531 0.63490129 -0.26168695
vn 0.73883229 0.67388821 0.0012451103
vn 0.99877435 0.049404122 -0.0030248614
vn 0.21564032 0.97646737 0.0032857126
vn 0.19491 -0.091154717 0.97657603
vn 0.22075415 0.54919392 0.8060109
vn -0.0013233586 0.54740483 0.83686697
vn -0.00085132866 -0.071788512 0.99741948
vn 0.2208295 0.94702989 0.23317109
vn -0.00059999782 0.96877652 0.24793479
vn 0.9695003 -0.19127849 0.15323716
vn 0.70527673 -0.45389646 0.54457569
vn 0.68841809 -0.64380425 0.33406091
vn 0.95073462 -0.30576798 -0.051084179
vn 0.19529407 -0.62980735 0.75179976
vn 0.18799993 -0.84579927 0.49927926
vn 0.17148873 -0.85716426 -0.48565537
vn 0.1739523 -0.98466122 0.013520901
vn 0.00051828264 -0.99999708 -0.0023496691
vn 0.00024463699 -0.87117088 -0.49097994
vn 0.0002275872 -0.87245315 0.4886975
vn -3.3916413e-06 0.99999321 0.0036991416
vn 0.21174496 -0.38866669 0.89671743
vn -0.0002601372 -0.37346905 0.92764258
vn -3.1027255e-05 -0.64114052 -0.76742351
vn -0.00012968584 -0.37185964 -0.92828906
vn 0.98315102 -0.18277317 -0.0028395297
vn 0.99036407 -0.12731807 -0.054489847
vn 0.94885385 -0.21240555 0.2335812
vn 0.71650726 -0.3369363 0.61081195
vn 0.67443967 -0.65452236 -0.34166008
vn 0.74605292 -0.09211915 -0.65948385
vn 0.65068477 0.40912977 -0.6397047
vn 0.74476308 0.61984462 0.2472259
vn 0.65473974 0.41410673 0.63232225
vn 0.72338742 -0.091311902 0.68437761
vn 0.96940464 -0.0010273581 0.24546605
vn 0.55377012 -0.83266318 0.0032634079
vn 0.93410891 0.28463295 -0.21546388
vn 0.96612191 0.016129807 -0.25758156
vn 0.94058567 -0.016002342 0.33917916
vn 0.92136842 0.25323978 0.29487279
vn 0.39345816 -0.039209284 0.91850597
vn 0.41640091 0.084576435 0.90523863
vn -0.51875716 -0.070082739 0.85204422
vn -0.54054093 -0.21521051 0.81332648
vn -0.96454859 -0.078632735 0.25191829
vn -0.9160341 -0.33564657 0.21959692
vn -0.94095534 -0.057412174 -0.33362687
vn -0.90425867 -0.31751025 -0.28548828
vn -0.40353996 0.0099060079 -0.91490841
vn -0.4104234 -0.1137213 -0.90477628
vn 0.51960558 0.052834496 -0.85277104
vn 0.54415143 0.20009162 -0.81477761
vn 0.93249136 -0.18863802 -0.30801857
vn 0.92875767 -0.17560889 -0.32645166
vn 0.9063924 -0.030198669 0.42135605
vn 0.90160251 -0.17718831 0.39461029
vn 0.35383987 0.13561916 0.92542142
vn 0.35319823 -0.061103135 0.93355095
vn -0.40899855 0.22078998 0.88542193
vn -0.45569673 0.087550282 0.88581914
vn -0.94225287 0.1692753 0.28897265
vn -0.94745815 0.1514294 0.28176641
vn -0.90639198 0.028982745 -0.42144218
vn -0.90978259 0.13310911 -0.39316365
vn -0.39031425 -0.12409768 -0.91227984
vn -0.3842282 0.050194982 -0.92187262
vn 0.40955213 -0.21608038 -0.88632739
vn 0.45442253 -0.097011432 -0.88548803
vn 0.90948546 -0.31269154 -0.27397117
vn 0.92722946 0.097318605 0.36162779
vn 0.40446967 0.45565253 0.79295957
vn -0.36265999 0.54603189 0.75519985
vn -0.92431974 0.29543367 0.24156134
vn -0.92681992 -0.097478874 -0.36263302
vn -0.4412128 -0.43885368 -0.78277624
vn 0.36389929 -0.54202646 -0.75748569
vn 0.89202023 -0.4263871 -0.14997949
vn 0.94855314 0.2444554 0.20121744
vn 0.45147058 0.77707177 0.43855861
vn -0.31548029 0.85192871 0.41795903
vn -0.90930068 0.39403746 0.13381597
vn -0.94817609 -0.24590604 -0.20122711
vn -0.48802292 -0.76041389 -0.42849076
vn 0.31541145 -0.85407299 -0.41361201
vn 0.88494056 -0.46407104 -0.038966507
vn 0.95407057 0.29471952 0.053757057
vn 0.4634015 0.87841469 0.11681893
vn -0.29694539 0.948327 0.11179984
vn -0.90316874 0.42775434 0.03622812
vn -0.95389467 -0.29543149 -0.052963838
vn -0.49845102 -0.85981089 -0.11077866
vn 0.29636413 -0.9491266 -0.10642811
vn 0.88511527 -0.46536291 0.0028900276
vn 0.95486802 0.29699892 -0.0043386375
vn 0.46519011 0.88516331 -0.0091654472
vn -0.29679877 0.9549011 -0.0086222775
vn -0.90302789 0.42957377 -0.0026357784
vn -0.95485282 -0.29704866 0.0042813472
vn -0.50019413 -0.86586875 0.0087774107
vn 0.29678425 -0.95490843 0.0083113043
vn 0.88608849 -0.46079341 0.050166428
vn 0.95421499 0.29029617 -0.072125062
vn 0.46382898 0.87226689 -0.15496178
vn -0.29956791 0.94266957 -0.14708161
vn -0.90394127 0.42514089 -0.046318337
vn -0.95415419 -0.29074627 0.071108423
vn -0.49909148 -0.85388851 0.1475877
vn 0.29944915 -0.94367611 0.14073206
vn 0.89490259 -0.4142957 0.16585653
vn 0.94612586 0.22607215 -0.23181298
vn 0.44646671 0.7425701 -0.49925646
vn -0.32327822 0.82021141 -0.47195792
vn -0.91147846 0.38422665 -0.1468906
vn -0.94584101 -0.22702384 0.23204538
vn -0.48341268 -0.72567475 0.48960009
vn 0.32399839 -0.82157886 0.46907699
vn 0.91262442 -0.29728255 0.28060588
vn 0.92012215 0.073111452 -0.38474664
vn 0.39006379 0.40379757 -0.8275252
vn -0.37202555 0.49785236 -0.78341568
vn -0.92733765 0.28211015 -0.24588381
vn -0.91948807 -0.073303789 0.38622305
vn -0.42621422 -0.38693109 0.81769538
vn 0.37258697 -0.4926917 0.78640562
vn 0.93052447 -0.17201278 0.32331976
vn 0.90151769 -0.036411583 -0.43120766
vn 0.34512246 0.12222239 -0.9305656
vn -0.4129954 0.20451394 -0.88747329
vn -0.94506961 0.1569723 -0.28671086
vn -0.90236968 0.025980663 0.43017897
vn -0.38187772 -0.11539245 0.91698098
vn 0.4128893 -0.2038047 0.88768578
vn 0.92555469 -0.19165024 0.32652542
vn 0.88996017 -0.16767423 -0.4240945
vn 0.33440661 -0.041063741 -0.94153386
vn -0.43038079 0.094045326 -0.89773476
vn -0.94490409 0.14880492 -0.29157022
vn -0.89811409 0.11870932 0.42343739
vn -0.37250081 0.030078046 0.92754436
vn 0.42903844 -0.10545577 0.89710933
vn 0.95161361 0.011276809 0.30708981
vn 0.91613108 -0.014079187 -0.40063155
vn 0.35362944 -0.024283558 -0.93507034
vn -0.46090549 -0.050822329 -0.88599271
vn -0.9571299 -0.070127159 -0.28104201
vn -0.91670042 -0.053768519 0.39594105
vn -0.38082069 -0.0018614447 0.92464697
vn 0.46121621 0.035432208 0.88657999
vn -0.91015583 -0.32665774 -0.25477642
vn -0.8844648 -0.3078711 0.35062435
vn -0.47840095 -0.18194681 -0.8590855
vn 0.37381557 0.084627807 -0.92363417
vn 0.89843369 0.24805465 -0.36233389
vn 0.92197943 0.27738672 0.27020469
vn 0.48095122 0.16806814 0.86048764
vn -0.38884851 -0.11626264 0.91393644
vn -0.93410891 0.28463295 -0.21546388
vn -0.92136842 0.25323978 0.29487279
vn -0.94058567 -0.01600234 0.33917913
vn -0.96612191 0.01612981 -0.25758159
vn -0.41640091 0.084576435 0.90523863
vn -0.39345813 -0.03920928 0.91850609
vn 0.54054093 -0.21521051 0.81332648
vn 0.51875722 -0.070082739 0.85204422
vn 0.9160341 -0.33564657 0.21959692
vn 0.96454859 -0.078632742 0.25191829
vn 0.90425867 -0.31751025 -0.28548828
vn 0.94095534 -0.057412181 -0.3336269
vn 0.4104234 -0.1137213 -0.90477628
vn 0.40353996 0.0099060005 -0.91490847
vn -0.54415143 0.20009162 -0.81477761
vn -0.5196057 0.052834503 -0.8527711
vn -0.93249136 -0.18863802 -0.30801857
vn -0.90160251 -0.17718832 0.39461029
vn -0.9063924 -0.030198669 0.42135605
vn -0.92875767 -0.1756089 -0.32645166
vn -0.3531982 -0.061103135 0.93355095
vn -0.35383987 0.13561916 0.92542148
vn 0.45569673 0.087550282 0.88581914
vn 0.40899855 0.22078998 0.88542193
vn 0.94745815 0.1514294 0.28176641
vn 0.94225287 0.1692753 0.28897265
vn 0.90978259 0.13310911 -0.39316365
vn 0.90639198 0.028982745 -0.42144221
vn 0.38422823 0.05019499 -0.92187268
vn 0.39031425 -0.12409767 -0.91227984
vn -0.45442253 -0.09701144 -0.88548803
vn -0.4095521 -0.21608038 -0.88632739
vn -0.92722946 0.097318612 0.36162779
vn -0.90948546 -0.31269154 -0.2739712
vn -0.40446973 0.45565259 0.79295963
vn 0.36265999 0.54603183 0.75519985
vn 0.92431974 0.29543367 0.24156132
vn 0.92681992 -0.097478874 -0.36263299
vn 0.44121283 -0.43885368 -0.78277624
vn -0.36389929 -0.54202652 -0.75748575
vn -0.94855309 0.24445537 0.20121744
vn -0.89202029 -0.42638716 -0.1499795
vn -0.45147061 0.77707177 0.43855861
vn 0.31548029 0.85192871 0.41795903
vn 0.90930068 0.39403746 0.13381597
vn 0.94817603 -0.24590605 -0.20122711
vn 0.48802295 -0.76041389 -0.42849079
vn -0.31541145 -0.85407299 -0.41361201
vn -0.95407057 0.29471955 0.053757064
vn -0.88494056 -0.46407101 -0.038966507
vn -0.4634015 0.87841469 0.11681893
vn 0.29694536 0.94832712 0.11179984
vn 0.90316868 0.42775428 0.036228117
vn 0.95389462 -0.29543141 -0.052963831
vn 0.49845099 -0.85981089 -0.11077866
vn -0.29636416 -0.9491266 -0.10642811
vn -0.95486802 0.29699892 -0.0043386375
vn -0.88511521 -0.46536291 0.0028900278
vn -0.46519008 0.88516331 -0.0091654472
vn 0.29679877 0.9549011 -0.0086222785
vn 0.90302789 0.42957374 -0.0026357784
vn 0.95485276 -0.29704866 0.0042813467
vn 0.50019407 -0.86586875 0.0087774117
vn -0.29678425 -0.95490843 0.0083113043
vn -0.95421487 0.2902962 -0.072125055
vn -0.88608855 -0.46079344 0.050166436
vn -0.46382898 0.87226689 -0.15496178
vn 0.29956794 0.94266957 -0.1470816
vn 0.90394127 0.42514089 -0.046318337
vn 0.95415413 -0.29074624 0.071108416
vn 0.49909154 -0.85388851 0.14758772
vn -0.29944915 -0.94367611 0.14073205
vn -0.94612586 0.22607215 -0.23181298
vn -0.89490259 -0.4142957 0.16585653
vn -0.44646665 0.7425701 -0.49925646
vn 0.32327822 0.82021141 -0.47195792
vn 0.91147846 0.38422665 -0.14689061
vn 0.94584101 -0.22702384 0.23204538
vn 0.48341268 -0.72567475 0.48960009
vn -0.32399839 -0.82157886 0.46907702
vn -0.92012209 0.073111452 -0.38474664
vn -0.91262442 -0.29728255 0.28060588
vn -0.39006379 0.40379757 -0.8275252
vn 0.37202555 0.49785236 -0.78341568
vn 0.92733765 0.28211015 -0.24588381
vn 0.91948807 -0.073303789 0.38622311
vn 0.42621422 -0.38693106 0.81769538
vn -0.37258697 -0.4926917 0.78640562
vn -0.90151769 -0.036411583 -0.43120766
vn -0.93052447 -0.17201279 0.32331979
vn -0.34512237 0.12222236 -0.93056554
vn 0.4129954 0.20451392 -0.88747329
vn 0.94506967 0.15697229 -0.28671086
vn 0.90236968 0.025980663 0.43017897
vn 0.38187772 -0.11539243 0.91698098
vn -0.4128893 -0.2038047 0.88768578
vn -0.88996017 -0.16767423 -0.42409447
vn -0.92555463 -0.19165024 0.32652542
vn -0.33440661 -0.041063745 -0.94153392
vn 0.43038079 0.094045326 -0.89773482
vn 0.94490409 0.14880492 -0.29157022
vn 0.89811409 0.11870932 0.42343736
vn 0.37250081 0.030078046 0.92754436
vn -0.42903844 -0.10545577 0.89710933
vn -0.91613108 -0.014079187 -0.40063149
vn -0.95161372 0.011276809 0.30708981
vn -0.35362944 -0.024283562 -0.93507034
vn 0.46090552 -0.050822329 -0.88599277
vn 0.9571299 -0.070127159 -0.28104198
vn 0.91670042 -0.053768516 0.39594105
vn 0.38082069 -0.0018614447 0.92464697
vn -0.46121618 0.035432212 0.88658005
vn 0.8844648 -0.3078711 0.35062435
vn 0.91015583 -0.32665774 -0.25477642
vn 0.47840095 -0.18194681 -0.8590855
vn -0.37381557 0.084627807 -0.92363417
vn -0.89843369 0.24805465 -0.36233389
vn -0.92197943 0.27738672 0.27020469
vn -0.48095122 0.16806814 0.86048764
vn 0.38884851 -0.11626264 0.91393644
vn -0.48384666 -0.6117422 0.62583053
vn -0.35278612 0.012760242 0.93561697
vn -0.59344947 0.068298168 0.80196828
vn -0.70458263 -0.46121156 0.53930253
vn -0.23102492 0.67192733 0.70366263
vn -0.4901062 0.6272099 0.60531288
vn -0.18975832 0.97961849 0.065873601
vn -0.45510939 0.88809264 0.064552277
vn -0.2531873 0.75561786 -0.60410076
vn -0.50892156 0.6981501 -0.50357246
vn -0.38425377 0.13112989 -0.91386765
vn -0.62005913 0.16865158 -0.76621366
vn -0.5060702 -0.52804869 -0.68195134
vn -0.72338295 -0.3902812 -0.56955922
vn -0.54734588 -0.83573979 -0.044175189
vn -0.75839907 -0.65115362 -0.028809508
vn -0.86539173 0.14135712 0.48074457
vn -0.92988551 -0.16591491 0.32830665
vn -0.80539417 0.46573064 0.36665383
vn -0.78507388 0.61714548 0.052823927
vn -0.81632262 0.50689405 -0.27690399
vn -0.88082182 0.19958858 -0.42932197
vn -0.94079071 -0.12478247 -0.31518593
vn -0.96111041 -0.27616116 -0.0013807601
vn -0.95670313 0.17434907 0.23306976
vn -0.98572338 0.036065843 0.1644648
vn -0.92971998 0.32032046 0.18170194
vn -0.92057073 0.38847438 0.040461853
vn -0.93462867 0.33886254 -0.10789531
vn -0.96365076 0.20057063 -0.1764894
vn -0.99063694 0.05460285 -0.12512735
vn -0.99977857 -0.013543569 0.016102087
vn -0.98105913 0.19154134 0.028895183
vn 0.48370034 -0.61186886 0.6258198
vn 0.70452499 -0.46128762 0.53931278
vn 0.59346306 0.068314962 0.80195665
vn 0.35279521 0.01277189 0.93561333
vn 0.49015209 0.62719578 0.60529029
vn 0.23112686 0.67190987 0.70364588
vn 0.45516086 0.88806677 0.064545117
vn 0.18991947 0.97958696 0.065878689
vn 0.50894779 0.69813073 -0.50357288
vn 0.25334451 0.75559264 -0.60406649
vn 0.62006456 0.16866274 -0.76620668
vn 0.3843365 0.13113056 -0.9138326
vn 0.72338748 -0.390268 -0.56956261
vn 0.50598437 -0.52810973 -0.68196768
vn 0.75833273 -0.65123123 -0.028797034
vn 0.54708546 -0.83590871 -0.044205882
vn 0.92987198 -0.16592652 0.32833886
vn 0.86537635 0.14136373 0.48077044
vn 0.80538332 0.46573511 0.36667243
vn 0.78506845 0.61715275 0.052820139
vn 0.81629419 0.50691175 -0.27695528
vn 0.8807981 0.19959646 -0.42936707
vn 0.94079715 -0.1247302 -0.31518731
vn 0.96112537 -0.27610904 -0.0013632141
vn 0.98572457 0.036092665 0.16445135
vn 0.95669776 0.17438017 0.23306841
vn 0.9297201 0.32031852 0.18170463
vn 0.92058802 0.38843161 0.040480763
vn 0.93464172 0.33883381 -0.10787278
vn 0.96365964 0.20054662 -0.17646827
vn 0.99063534 0.054606128 -0.12513882
vn 0.99977982 -0.013506014 0.016063413
vn 0.9810589 0.19154361 0.028887676
vn -0.52591521 -0.53864264 0.65823811
vn -0.42969784 0.12322526 0.89452511
vn -0.65907925 0.15549015 0.73582429
vn -0.74072981 -0.40570074 0.5354681
vn -0.29799223 0.75025451 0.59018546
vn -0.5473063 0.6871419 0.47779912
vn -0.20780554 0.97518247 -0.076394357
vn -0.47087416 0.87785971 -0.087406278
vn -0.21219085 0.66630048 -0.71485579
vn -0.47459674 0.6159336 -0.62879544
vn -0.30854616 0.0044723353 -0.95119888
vn -0.55627817 0.054787055 -0.82918817
vn -0.44014606 -0.62265283 -0.64697367
vn -0.66799843 -0.47693929 -0.57123286
vn -0.53022033 -0.84763122 0.019692667
vn -0.74442559 -0.66767877 -0.0059550372
vn -0.90427077 0.18051676 0.38692138
vn -0.95168144 -0.14512764 0.27062991
vn -0.83936995 0.48906514 0.23722
vn -0.79502183 0.5997442 -0.090814024
vn -0.79717374 0.44773266 -0.40503028
vn -0.84458166 0.12208739 -0.52132183
vn -0.90948802 -0.18646111 -0.37156934
vn -0.95384419 -0.2971288 -0.043540269
vn -0.9750604 0.17952728 0.13048851
vn -0.99639547 0.032994434 0.078150362
vn -0.94586772 0.31835878 0.063102387
vn -0.92590243 0.36818519 -0.084525056
vn -0.92687112 0.29978767 -0.22591417
vn -0.9482078 0.15324879 -0.27823874
vn -0.97741342 0.014399964 -0.21084484
vn -0.99737006 -0.035420973 -0.063231625
vn -0.98254883 0.17000279 -0.075477041
vn 0.52584982 -0.53867775 0.65826154
vn 0.74073523 -0.40570319 0.53545904
vn 0.65903777 0.15549153 0.73586118
vn 0.42963696 0.12319192 0.89455909
vn 0.54728657 0.68712449 0.47784662
vn 0.29786262 0.75027126 0.59022945
vn 0.47088549 0.87785053 -0.087437674
vn 0.20762888 0.97522169 -0.07637392
vn 0.4746002 0.6159209 -0.62880522
vn 0.21217342 0.66630858 -0.71485329
vn 0.55628949 0.05480383 -0.82917947
vn 0.30860981 0.0044802316 -0.95117819
vn 0.66800249 -0.47694159 -0.57122618
vn 0.44012839 -0.62267882 -0.64696074
vn 0.74442387 -0.6676808 -0.0059610647
vn 0.53017354 -0.84766018 0.019698482
vn 0.95168924 -0.14511967 0.2706064
vn 0.90425676 0.18054244 0.38694206
vn 0.83938599 0.48904103 0.23721325
vn 0.79506671 0.59968048 -0.090841465
vn 0.79716796 0.44772914 -0.40504527
vn 0.84456301 0.12209655 -0.52135009
vn 0.90948558 -0.18647014 -0.37157062
vn 0.95384228 -0.29713285 -0.043554451
vn 0.99639618 0.032987259 0.078144439
vn 0.97505558 0.17955984 0.13047923
vn 0.94585478 0.31839964 0.063091099
vn 0.92589551 0.36821017 -0.084491663
vn 0.92687231 0.29979128 -0.22590487
vn 0.94820476 0.15323344 -0.27825719
vn 0.97741228 0.01438504 -0.21085128
vn 0.99736834 -0.035441224 -0.063249387
vn 0.98254704 0.17001447 -0.07547459
vn -0.4796851 -0.58346564 0.65533978
vn -0.37031201 0.06268657 0.92678982
vn -0.60978788 0.10321742 0.7858147
vn -0.7024951 -0.4446533 0.55568343
vn -0.26093775 0.70884919 0.65531999
vn -0.51701522 0.65112418 0.55563706
vn -0.21562758 0.97647572 1.0853906e-05
vn -0.47859067 0.87803811 1.7066752e-05
vn -0.26105249 0.70882678 -0.65529847
vn -0.5170517 0.65108269 -0.55565178
vn -0.37046593 0.062705748 -0.92672706
vn -0.60981226 0.10324762 -0.78579193
vn -0.47976753 -0.5834074 -0.65533113
vn -0.70253187 -0.44462484 -0.55565977
vn -0.52507806 -0.85105407 1.4940066e-05
vn -0.74096054 -0.6715486 -2.0896232e-06
vn -0.87748426 0.14855419 0.45601848
vn -0.93130249 -0.16936292 0.32247779
vn -0.82364625 0.46651143 0.32244986
vn -0.80133665 0.59821355 7.1336708e-06
vn -0.82363033 0.46651304 -0.32248819
vn -0.87746233 0.14857559 -0.45605391
vn -0.93129957 -0.16938695 -0.32247341
vn -0.95360363 -0.30106497 -1.1799812e-05
vn -0.96497709 0.16338453 0.20524316
vn -0.98920602 0.020325281 0.14511465
vn -0.94075876 0.3064521 0.14512065
vn -0.93071538 0.36574429 -2.7558824e-06
vn -0.94075423 0.30646661 -0.14511931
vn -0.96497768 0.1633818 -0.20524232
vn -0.98920572 0.020309743 -0.14511907
vn -0.99924076 -0.038959742 -1.6414774e-06
vn -0.98596859 0.16693096 2.5060947e-06
vn 0.47984207 -0.5834021 0.65528125
vn 0.70255435 -0.4446139 0.55564022
vn 0.60979092 0.10322919 0.78581101
vn 0.37028134 0.062706955 0.92680067
vn 0.51699126 0.65112007 0.55566418
vn 0.26068801 0.70886743 0.65539974
vn 0.47858664 0.87804031 5.6227764e-06
vn 0.21545552 0.97651368 3.2035608e-05
vn 0.51706338 0.65108031 -0.55564368
vn 0.2609784 0.70881313 -0.65534276
vn 0.60983109 0.10324676 -0.78577751
vn 0.37043315 0.062718518 -0.92673928
vn 0.70261681 -0.44455171 -0.55561084
vn 0.47997963 -0.583305 -0.655267
vn 0.74104714 -0.671453 9.6100412e-06
vn 0.5253225 -0.85090321 2.7644344e-05
vn 0.93130261 -0.16936563 0.32247609
vn 0.87749273 0.14857151 0.45599675
vn 0.82368666 0.46645951 0.3224217
vn 0.80139744 0.59813213 -6.0766201e-06
vn 0.82365626 0.46648735 -0.32245931
vn 0.87747741 0.14858213 -0.45602286
vn 0.93130022 -0.16937914 -0.32247582
vn 0.95360267 -0.3010678 -5.9729437e-06
vn 0.98920888 0.020335974 0.14509377
vn 0.96497846 0.16340792 0.20521775
vn 0.94075114 0.30647123 0.14513052
vn 0.93072301 0.36572486 4.890564e-06
vn 0.94075298 0.30646873 -0.14512348
vn 0.96497786 0.16340412 -0.20522389
vn 0.98920804 0.02032057 -0.14510176
vn 0.99924153 -0.038940001 -7.7556143e-07
vn 0.98596531 0.16694979 2.5032787e-06
vn -0.83216918 -0.55452186 -3.9420588e-08
vn -0.99380803 0.11111061 -2.1119891e-07
vn -0.94516772 0.11111044 0.30710354
vn -0.79144084 -0.55452067 0.25715461
vn -0.79144007 -0.55452102 -0.25715566
vn -0.94516724 0.11111051 -0.30710474
vn -0.6732409 -0.55452037 -0.48913598
vn -0.80400878 0.1111104 -0.584144
vn -0.48913538 -0.5545224 -0.67323965
vn -0.58414376 0.11111061 -0.80400908
vn -0.25715455 -0.55452579 -0.79143709
vn -0.30710438 0.11111084 -0.94516742
vn 1.2319001e-07 -0.55452687 -0.83216578
vn -9.4285234e-08 0.11111116 -0.99380791
vn 0.2571559 -0.55452228 -0.79143918
vn 0.30710456 0.11111084 -0.94516736
vn 0.48913428 -0.55452234 -0.67324042
vn 0.58414364 0.11111071 -0.80400902
vn 0.67324001 -0.55452257 -0.48913443
vn 0.80400884 0.11111075 -0.58414406
vn 0.79144043 -0.55452049 -0.25715566
vn 0.94516724 0.11111055 -0.30710474
vn 0.83216882 -0.55452234 -1.6014624e-07
vn 0.99380803 0.11111075 1.0182806e-07
vn 0.79143834 -0.55452406 0.25715438
vn 0.9451673 0.11111048 0.30710471
vn 0.67324007 -0.55452067 0.48913658
vn 0.80400908 0.11111049 0.58414364
vn 0.4891358 -0.55452293 0.67323881
vn 0.58414328 0.11111075 0.8040092
vn 0.25715336 -0.55452567 0.79143751
vn 0.30710432 0.11111048 0.94516748
vn 6.6275749e-07 -0.55452091 0.83216971
vn 9.8433782e-07 0.11111046 0.99380803
vn -0.25715345 -0.55452293 0.79143947
vn -0.30710369 0.11111026 0.9451676
vn -0.48913461 -0.55452389 0.67323887
vn -0.58414352 0.11111024 0.80400926
vn -0.67324114 -0.55452061 0.48913521
vn -0.80400926 0.11111045 0.5841434
vn -0.99028093 0.13908124 -1.1312508e-07
vn -0.98984182 0.14217332 -2.8658187e-07
vn -0.94139528 0.14217323 0.30587831
vn -0.94181305 0.13908118 0.30601379
vn -0.94181311 0.13908088 -0.30601439
vn -0.94139522 0.14217304 -0.30587882
vn -0.80115503 0.13908078 -0.58207154
vn -0.80079943 0.14217286 -0.58181363
vn -0.58207101 0.13908108 -0.80115527
vn -0.58181322 0.14217333 -0.80079961
vn -0.30601475 0.13908099 -0.94181287
vn -0.30587924 0.14217336 -0.94139504
vn -9.0500087e-08 0.13908119 -0.99028093
vn -8.6728733e-08 0.14217354 -0.98984176
vn 0.30601469 0.13908102 -0.94181287
vn 0.30587888 0.14217316 -0.94139522
vn 0.58207089 0.1390809 -0.80115545
vn 0.58181304 0.1421729 -0.80079991
vn 0.80115515 0.13908108 -0.58207119
vn 0.80079967 0.14217333 -0.58181322
vn 0.94181293 0.13908081 -0.30601445
vn 0.94139528 0.14217323 -0.30587849
vn 0.99028099 0.13908111 -4.902088e-08
vn 0.98984182 0.14217333 -8.6728733e-08
vn 0.94181281 0.13908099 0.3060149
vn 0.94139516 0.14217307 0.30587909
vn 0.80115509 0.13908067 0.58207136
vn 0.80079937 0.14217292 0.58181369
vn 0.58207101 0.13908102 0.80115527
vn 0.58181334 0.14217359 0.80079955
vn 0.30601466 0.13908106 0.94181287
vn 0.30587938 0.14217328 0.94139504
vn 5.7693796e-07 0.13908127 0.99028093
vn 5.8824702e-07 0.14217313 0.98984182
vn -0.30601406 0.13908108 0.94181299
vn -0.30587834 0.14217308 0.94139534
vn -0.58207101 0.13908099 0.80115521
vn -0.58181328 0.14217295 0.80079979
vn -0.80115533 0.13908133 0.58207095
vn -0.80079973 0.14217333 0.58181316
vn -0.98939306 0.14526266 -2.8280655e-07
vn -0.94096869 0.14526165 0.30573994
vn -0.94096828 0.14526334 -0.30574036
vn -0.80043614 0.14526205 -0.58155048
vn -0.58155018 0.14526197 -0.80043632
vn -0.30574074 0.14526388 -0.9409681
vn -4.5249063e-08 0.14526325 -0.98939312
vn 0.30574042 0.14526305 -0.94096833
vn 0.58154964 0.14526387 -0.80043638
vn 0.80043638 0.14526255 -0.58154982
vn 0.94096851 0.14526255 -0.30574015
vn 0.989393 0.14526358 -6.7873586e-08
vn 0.94096851 0.14526162 0.30574065
vn 0.80043638 0.14526036 0.58155054
vn 0.58155042 0.14526224 0.8004362
vn 0.30574048 0.14526208 0.94096845
vn 1.2443488e-07 0.14526521 0.9893927
vn -0.30573952 0.14526512 0.94096833
vn -0.58154988 0.14526178 0.80043662
vn -0.8004365 0.14526218 0.58154988
vn -0.99285352 0.11933918 -1.0938226e-07
vn -0.94425982 0.1193391 0.30680868
vn -0.94425958 0.11933903 -0.30680951
vn -0.80323631 0.11933907 -0.58358341
vn -0.583583 0.11933882 -0.8032366
vn -0.30680957 0.11933897 -0.94425958
vn -8.6751463e-08 0.11933927 -0.99285358
vn 0.30680972 0.1193392 -0.94425941
vn 0.58358294 0.1193394 -0.80323654
vn 0.80323648 0.11933925 -0.58358318
vn 0.94425952 0.11933905 -0.3068096
vn 0.99285358 0.11933938 4.526164e-08
vn 0.94425941 0.11933915 0.30680981
vn 0.80323666 0.11933912 0.58358294
vn 0.58358288 0.11933899 0.80323672
vn 0.30680922 0.11933916 0.9442597
vn 3.1305962e-07 0.11933986 0.99285352
vn -0.30680859 0.11933909 0.94425982
vn -0.58358258 0.11933886 0.8032369
vn -0.8032369 0.11933911 0.58358258
vn -0.54816401 -0.81718606 0.17810987
vn -0.46630439 -0.81717932 0.33878902
vn -0.79811037 -0.16365962 0.57985806
vn -0.93823159 -0.16366985 0.30485037
vn -0.98651385 -0.16367741 4.3198455e-07
vn -0.5763666 -0.81719118 4.2976012e-07
vn -0.9382301 -0.16367675 -0.30485094
vn -0.54815805 -0.81719035 -0.1781085
vn -0.79810828 -0.16367635 -0.57985622
vn -0.46629339 -0.81718928 -0.33878022
vn -0.5798561 -0.16367693 -0.79810834
vn -0.33877921 -0.81719077 -0.46629152
vn -0.30485028 -0.16367289 -0.93823105
vn -0.17810795 -0.81719095 -0.54815733
vn 4.2359417e-07 -0.16366604 -0.98651582
vn 6.179078e-07 -0.8171882 -0.57637089
vn 0.3048504 -0.16366483 -0.93823248
vn 0.17811085 -0.81718445 -0.5481661
vn 0.57985592 -0.16367485 -0.79810882
vn 0.33877918 -0.81718969 -0.46629378
vn 0.79810828 -0.16367602 -0.57985628
vn 0.46629232 -0.81719053 -0.33877882
vn 0.93823016 -0.16367655 -0.304851
vn 0.54815888 -0.81718981 -0.17810874
vn 0.98651391 -0.1636775 7.4234231e-07
vn 0.57636631 -0.81719148 3.8817055e-07
vn 0.93823153 -0.16366957 0.30485067
vn 0.54816139 -0.81718802 0.17810875
vn 0.79810935 -0.16367005 0.57985651
vn 0.46629697 -0.81718588 0.3387838
vn 0.57985574 -0.16367672 0.79810846
vn 0.33878031 -0.81719071 0.46629113
vn 0.30485031 -0.16366696 0.93823212
vn 0.17810792 -0.81718695 0.54816335
vn 1.128186e-06 -0.16366646 0.9865157
vn 9.0705487e-07 -0.81718349 0.57637763
vn -0.3048518 -0.16366644 0.93823165
vn -0.17811044 -0.8171851 0.54816526
vn -0.57985777 -0.1636544 0.79811162
vn -0.33878952 -0.81717831 0.46630588
vn -0.839948 0.54266697 4.4613813e-07
vn -0.95306802 0.30275634 9.419562e-08
vn -0.90642184 0.30275556 0.29451397
vn -0.79883939 0.54266495 0.25955799
vn -0.79883713 0.54266775 -0.25955912
vn -0.90642154 0.30275548 -0.29451516
vn -0.6795336 0.54266709 -0.49370688
vn -0.77105004 0.30275524 -0.56019741
vn -0.49370697 0.54266763 -0.67953306
vn -0.56019777 0.30275452 -0.77105016
vn -0.25955829 0.54266357 -0.79884028
vn -0.29451421 0.30275479 -0.90642208
vn -5.7222013e-07 0.54266435 -0.83994973
vn -5.6517358e-08 0.30275625 -0.95306796
vn 0.25955802 0.54266727 -0.79883778
vn 0.29451427 0.30275482 -0.90642196
vn 0.49370736 0.54266626 -0.67953396
vn 0.56019729 0.30275455 -0.77105033
vn 0.67953539 0.54266346 -0.49370831
vn 0.7710501 0.30275518 -0.56019735
vn 0.79883879 0.54266524 -0.25955951
vn 0.9064216 0.3027553 -0.29451501
vn 0.8399471 0.54266816 3.4139285e-07
vn 0.9530682 0.30275562 1.7708778e-07
vn 0.79883838 0.54266626 0.25955868
vn 0.9064219 0.30275473 0.29451483
vn 0.67953146 0.54267192 0.4937045
vn 0.77105039 0.30275503 0.56019706
vn 0.49370319 0.54267502 0.67953002
vn 0.56019688 0.30275384 0.77105093
vn 0.2595576 0.54267251 0.79883432
vn 0.29451507 0.30275401 0.90642196
vn 9.1167536e-08 0.54267389 0.83994347
vn -4.5213909e-08 0.3027555 0.95306826
vn -0.25955579 0.54267639 0.7988323
vn -0.29451442 0.30275369 0.90642232
vn -0.49370462 0.54267365 0.67953008
vn -0.56019694 0.30275381 0.77105099
vn -0.6795339 0.54266709 0.49370638
vn -0.77105105 0.30275449 0.56019646
vn -0.37508497 0.91894424 0.12187208
vn -0.31906477 0.91894537 0.23181275
vn -0.23180911 0.91894817 0.31905916
vn -0.12186855 0.91894919 0.37507397
vn -1.4858207e-07 0.91894788 0.39437896
vn 0.12187088 0.91894734 0.37507769
vn 0.23180808 0.91894829 0.3190597
vn 0.31906074 0.91894758 0.23180932
vn 0.37508225 0.91894531 0.12187166
vn 0.3943834 0.91894591 2.1866386e-07
vn 0.37508366 0.91894472 -0.12187269
vn 0.31906778 0.9189437 -0.2318152
vn 0.23181373 0.91894466 -0.31906608
vn 0.12187196 0.91894519 -0.37508258
vn -4.6952144e-07 0.91894394 -0.39438823
vn -0.12187263 0.91894358 -0.37508628
vn -0.2318124 0.91894555 -0.31906426
vn -0.31906551 0.91894507 -0.23181285
vn -0.37508211 0.91894531 -0.12187254
vn -0.39438531 0.91894513 4.2866068e-07
vn 0.066343769 0.99663186 -0.048200905
vn -7.4895995e-10 1 -1.4979198e-08
vn 0.077992849 0.99663174 -0.025341431
vn 0.048201691 0.99663174 -0.066345342
vn 0.025342176 0.99663174 -0.077994369
vn -9.0591857e-07 0.99663132 -0.082011811
vn -0.025342328 0.99663138 -0.077998526
vn -0.048202284 0.99663174 -0.066345073
vn -0.066343985 0.99663186 -0.048201688
vn -0.077991657 0.99663192 -0.025340891
vn -0.082007892 0.99663168 2.8333622e-07
vn -0.077994771 0.99663168 0.025341764
vn -0.06634219 0.9966321 0.048199281
vn -0.048197228 0.9966324 0.066338167
vn -0.025338855 0.99663234 0.07798595
vn 8.7275095e-07 0.9966318 0.082005821
vn 0.025340529 0.9966318 0.077992879
vn 0.048199963 0.99663216 0.066341572
vn 0.066341378 0.99663216 0.048199862
vn 0.07799004 0.99663204 0.025340088
vn 0.08200597 0.9966318 6.3490035e-08
vn 0.080013707 0.99509716 -0.058132604
vn 0.094062842 0.99509698 -0.03056287
vn 0.058133099 0.99509704 -0.080014572
vn 0.030563086 0.99509704 -0.094062477
vn -1.1646392e-06 0.99509668 -0.098908037
vn -0.030563349 0.99509662 -0.094067924
vn -0.058133021 0.9950971 -0.080013454
vn -0.080013916 0.99509716 -0.058133129
vn -0.094062604 0.99509704 -0.030562727
vn -0.09890537 0.99509686 1.946181e-07
vn -0.09406542 0.99509668 0.030563636
vn -0.080012627 0.99509734 0.058131162
vn -0.05812842 0.99509799 0.080007225
vn -0.030559976 0.99509788 0.094055012
vn 9.8891473e-07 0.99509704 0.098902978
vn 0.030562045 0.99509698 0.094063222
vn 0.058131613 0.99509746 0.080011398
vn 0.080010615 0.99509758 0.058131214
vn 0.094059564 0.99509734 0.030561235
vn 0.098903224 0.99509704 9.9670885e-08
vn 0.58072966 0.81409639 9.1561725e-07
vn 0.55230427 0.81409866 -0.17945309
vn 0.94261378 -0.13295056 -0.30627376
vn 0.99112278 -0.13294932 3.5446595e-07
vn 0.55230713 0.81409615 0.17945579
vn 0.94261354 -0.13294879 0.30627516
vn 0.46982077 0.81409568 0.3413454
vn 0.80183661 -0.13294728 0.5825659
vn 0.34134486 0.81409538 0.46982154
vn 0.58256596 -0.13294558 0.80183685
vn 0.17945729 0.81410003 0.55230069
vn 0.30627564 -0.13294679 0.9426136
vn -2.4469164e-06 0.81410068 0.5807237
vn 5.2792817e-08 -0.13294688 0.99112326
vn -0.17945291 0.81409979 0.55230266
vn -0.30627483 -0.13294426 0.94261432
vn -0.34134299 0.8140986 0.46981758
vn -0.58256584 -0.13294648 0.80183679
vn -0.46982175 0.81409556 0.3413443
vn -0.80183703 -0.13294871 0.58256501
vn -0.55230576 0.81409693 0.17945625
vn -0.94261348 -0.13294882 0.30627516
vn -0.58073014 0.81409615 -5.8410137e-07
vn -0.99112272 -0.13294995 6.4105549e-08
vn -0.55231082 0.81409293 -0.17945844
vn -0.94261348 -0.13294925 -0.30627495
vn -0.46982324 0.81409568 -0.34134197
vn -0.80183667 -0.13294958 -0.58256537
vn -0.341344 0.81409079 -0.46983024
vn -0.58256495 -0.13295121 -0.80183667
vn -0.17946388 0.81409025 -0.55231309
vn -0.30627513 -0.1329536 -0.94261289
vn -1.9260251e-06 0.81410235 -0.58072132
vn -1.1840674e-06 -0.13295372 -0.99112225
vn 0.17945571 0.8141011 -0.55229992
vn 0.3062745 -0.13295107 -0.94261336
vn 0.34134233 0.8140977 -0.46981934
vn 0.58256525 -0.13295002 -0.80183661
vn 0.46981698 0.81409943 -0.34134164
vn 0.80183667 -0.13295057 -0.58256501
vn 0.99012452 -0.1401909 2.1116608e-07
vn 0.94166434 -0.14019081 -0.3059656
vn 0.94127601 -0.14304407 -0.30583963
vn 0.98971635 -0.14304425 2.7149713e-07
vn 0.94166404 -0.14019053 0.30596629
vn 0.94127572 -0.14304398 0.3058404
vn 0.80102831 -0.14019039 0.58197963
vn 0.8006978 -0.14304365 0.58174008
vn 0.58197927 -0.14019091 0.80102843
vn 0.58174002 -0.14304407 0.8006978
vn 0.30596653 -0.14019078 0.94166404
vn 0.30584043 -0.14304407 0.94127572
vn 9.427059e-08 -0.14019102 0.99012452
vn 7.5415876e-08 -0.14304425 0.98971623
vn -0.30596668 -0.14019072 0.94166392
vn -0.30584061 -0.14304386 0.94127578
vn -0.58197916 -0.14019038 0.80102861
vn -0.58173984 -0.14304364 0.80069798
vn -0.80102837 -0.14019071 0.58197951
vn -0.80069792 -0.1430441 0.58173984
vn -0.9416641 -0.14019053 0.30596614
vn -0.94127584 -0.14304416 0.30584002
vn -0.99012452 -0.14019075 9.8041404e-08
vn -0.98971623 -0.14304434 8.6728257e-08
vn -0.94166398 -0.14019053 -0.30596656
vn -0.94127578 -0.14304395 -0.3058404
vn -0.80102831 -0.1401903 -0.58197963
vn -0.80069774 -0.14304399 -0.58174002
vn -0.58197927 -0.1401906 -0.80102849
vn -0.58173972 -0.14304458 -0.80069786
vn -0.30596629 -0.14019078 -0.94166404
vn -0.3058407 -0.14304438 -0.9412756
vn -2.6772844e-07 -0.140191 -0.99012452
vn -2.6772642e-07 -0.14304449 -0.98971635
vn 0.30596554 -0.14019069 -0.94166434
vn 0.30583954 -0.14304397 -0.94127607
vn 0.58197904 -0.14019068 -0.80102867
vn 0.58173943 -0.14304367 -0.80069834
vn 0.80102861 -0.14019087 -0.58197904
vn 0.80069822 -0.14304405 -0.58173943
vn 0.82570201 0.49622309 -0.26828852
vn 0.8681941 0.49622476 9.6473104e-07
vn 0.82570314 0.4962213 0.26828843
vn 0.70238507 0.49622244 0.51031208
vn 0.51031232 0.49622184 0.70238543
vn 0.26828879 0.496225 0.82570088
vn -1.0859161e-06 0.49622434 0.86819434
vn -0.26828852 0.49622038 0.82570374
vn -0.51031196 0.4962225 0.70238525
vn -0.70238578 0.49622142 0.51031208
vn -0.82570118 0.49622449 0.26828855
vn -0.86819404 0.49622494 -8.7443658e-07
vn -0.82570314 0.49622151 -0.26828822
vn -0.70238531 0.49622184 -0.51031256
vn -0.5103128 0.49622011 -0.70238626
vn -0.26828915 0.49622333 -0.82570159
vn 1.2451176e-06 0.49622118 -0.86819613
vn 0.26828733 0.49621931 -0.82570475
vn 0.51031166 0.496223 -0.70238513
vn 0.70238698 0.49621969 -0.51031232
vn 0.99037611 -0.13840233 1.5460475e-07
vn 0.94190359 -0.13840216 -0.30604324
vn 0.94190335 -0.13840213 0.30604404
vn 0.80123222 -0.13840187 0.58212703
vn 0.58212703 -0.1384021 0.80123216
vn 0.30604401 -0.13840209 0.94190341
vn 9.4271201e-08 -0.13840231 0.99037606
vn -0.30604419 -0.13840182 0.94190335
vn -0.58212692 -0.13840201 0.80123222
vn -0.80123228 -0.13840258 0.58212686
vn -0.94190335 -0.13840219 0.30604401
vn -0.990376 -0.13840245 1.0181291e-07
vn -0.94190317 -0.13840219 -0.30604431
vn -0.80123222 -0.13840187 -0.58212698
vn -0.58212692 -0.13840213 -0.80123222
vn -0.30604395 -0.138402 -0.94190347
vn -3.016678e-07 -0.13840215 -0.99037606
vn 0.3060433 -0.13840197 -0.94190365
vn 0.58212668 -0.13840197 -0.80123246
vn 0.8012324 -0.1384023 -0.58212662
vn 0.31737813 0.94267523 -0.10312355
vn 0.86214185 0.42218515 -0.28012735
vn 0.73338717 0.42217469 -0.53283381
vn 0.26998013 0.94267511 -0.19614904
vn 0.90650803 0.4221887 1.2795883e-07
vn 0.33370534 0.94267744 2.984743e-07
vn 0.86214173 0.42218468 0.28012815
vn 0.31737322 0.9426772 0.10312077
vn 0.73338085 0.42219141 0.53282911
vn 0.26997048 0.94267899 0.19614381
vn 0.53283185 0.42218021 0.73338532
vn 0.19614607 0.94267744 0.26997402
vn 0.28013027 0.42218363 0.86214161
vn 0.10312128 0.94267708 0.31737345
vn -8.12915e-07 0.42219529 0.90650493
vn -4.2638895e-08 0.94267672 0.33370733
vn -0.28012684 0.42218974 0.8621397
vn -0.10311653 0.94267988 0.31736675
vn -0.53282946 0.42219296 0.73337972
vn -0.19614476 0.94267988 0.26996648
vn -0.73337996 0.42219281 0.53282923
vn -0.26997447 0.94267684 0.19614793
vn -0.86213756 0.42219445 0.2801263
vn -0.31736803 0.94267911 0.1031195
vn -0.90650904 0.42218623 -5.9086869e-07
vn -0.33370525 0.94267744 -3.6243304e-07
vn -0.8621403 0.42218906 -0.28012595
vn -0.31736982 0.94267851 -0.10311937
vn -0.73337388 0.42221108 -0.53282332
vn -0.26994851 0.94268942 -0.19612339
vn -0.53282577 0.422198 -0.73337948
vn -0.19612841 0.94268614 -0.26995659
vn -0.28012905 0.42218232 -0.86214256
vn -0.1031217 0.9426766 -0.31737486
vn 8.4678652e-07 0.42218059 -0.90651172
vn 6.3958339e-08 0.94267672 -0.33370739
vn 0.2801283 0.42217478 -0.8621465
vn 0.10312635 0.94267273 -0.31738475
vn 0.53283358 0.42217523 -0.73338693
vn 0.19614881 0.9426747 -0.26998138
vn 0.94152379 -0.33694637 -1.0290678e-07
vn 0.89544302 -0.33694506 -0.29094645
vn 0.93422413 -0.18730749 -0.30354732
vn 0.98230118 -0.1873081 1.1310331e-08
vn 0.89544147 -0.33694765 0.29094803
vn 0.93422371 -0.1873076 0.30354878
vn 0.76171058 -0.33694547 0.55341184
vn 0.79469997 -0.18730718 0.57738018
vn 0.55341214 -0.33694747 0.76170951
vn 0.57738054 -0.1873073 0.79469967
vn 0.29094711 -0.33694664 0.89544219
vn 0.30354846 -0.18730845 0.93422365
vn 3.6589086e-07 -0.33694768 0.94152337
vn 2.6390776e-08 -0.18730879 0.98230112
vn -0.29094774 -0.33694723 0.89544183
vn -0.30354851 -0.18730794 0.93422377
vn -0.55341202 -0.33694446 0.76171094
vn -0.57738006 -0.18730804 0.79469985
vn -0.761711 -0.33694407 0.55341214
vn -0.79469997 -0.18730801 0.57738
vn -0.89544249 -0.33694521 0.29094797
vn -0.93422389 -0.18730745 0.30354857
vn -0.94152343 -0.3369475 -1.5626591e-07
vn -0.98230129 -0.18730761 -3.3931002e-08
vn -0.89544284 -0.33694455 -0.29094747
vn -0.93422389 -0.18730728 -0.3035484
vn -0.76171023 -0.33694762 -0.55341107
vn -0.79470021 -0.18730718 -0.57737988
vn -0.55340976 -0.33695114 -0.76170963
vn -0.57737947 -0.18730755 -0.7947005
vn -0.29094714 -0.33695155 -0.8954404
vn -0.30354863 -0.18730728 -0.93422377
vn 9.9095544e-08 -0.33695266 -0.94152158
vn -7.5402236e-09 -0.18730775 -0.98230124
vn 0.29094622 -0.33695212 -0.8954404
vn 0.30354804 -0.18730675 -0.93422419
vn 0.55340999 -0.33695006 -0.76170993
vn 0.57737905 -0.18730694 -0.79470098
vn 0.76171046 -0.33694705 -0.55341101
vn 0.79470062 -0.18730758 -0.57737923
vn -0.41077048 0.90191686 0.13346784
vn -0.43190461 0.90191931 2.7258179e-07
vn -0.41076756 0.90191817 -0.13346764
vn -0.34941903 0.90191954 -0.2538653
vn -0.25386399 0.90192115 -0.34941584
vn -0.1334663 0.90191889 -0.41076654
vn -3.2485775e-07 0.90191931 -0.43190464
vn 0.13347137 0.90191412 -0.4107753
vn 0.25386927 0.90191549 -0.34942648
vn 0.34941611 0.90192109 -0.25386363
vn 0.41076651 0.90191889 -0.1334663
vn 0.43190458 0.90191936 -2.781828e-07
vn 0.4107601 0.90192223 0.13346353
vn 0.34942082 0.90191728 0.25387099
vn 0.2538695 0.90191877 0.34941807
vn 0.13346259 0.90192294 0.41075876
vn -1.2060813e-06 0.90191478 0.43191406
vn -0.13346389 0.90191865 0.41076773
vn -0.253865 0.90192145 0.34941435
vn -0.34942481 0.90191585 0.25387016
vn 0.6792208 -0.69996727 -0.22069184
vn 0.57777822 -0.69997108 -0.41977718
vn 0.41977602 -0.69997144 -0.57777864
vn 0.22069229 -0.69996482 -0.6792233
vn 1.1416092e-06 -0.69996691 -0.71417522
vn -0.22069426 -0.69996589 -0.67922151
vn -0.41978016 -0.69996417 -0.57778436
vn -0.5777775 -0.69997084 -0.41977853
vn -0.67921579 -0.69997263 -0.22069046
vn -0.71417111 -0.6999712 3.487184e-07
vn -0.67921954 -0.69996852 0.22069207
vn -0.57778156 -0.69996583 0.41978142
vn -0.41978246 -0.6999622 0.57778502
vn -0.22069389 -0.69996476 0.67922276
vn 1.5390346e-07 -0.69996685 0.71417534
vn 0.22069275 -0.69996643 0.67922145
vn 0.41978124 -0.69996595 0.5777815
vn 0.57778609 -0.69996125 0.41978285
vn 0.67922199 -0.69996524 0.22069477
vn 0.7141732 -0.69996905 -5.8444421e-08
vn 0.32300317 -0.94056064 -0.10495011
vn 0.27476072 -0.94056219 -0.19962318
vn 0.082165666 -0.99626106 -0.026697237
vn 0.069893599 -0.99626112 -0.050780062
vn 0.19962479 -0.9405607 -0.27476454
vn 0.05078074 -0.996261 -0.069894865
vn 0.10495337 -0.94055647 -0.32301453
vn 0.026697876 -0.99626094 -0.082166791
vn 4.7549145e-07 -0.94055676 -0.33963627
vn -5.2546613e-07 -0.99626076 -0.086396888
vn -0.10495431 -0.94055659 -0.32301372
vn -0.026697805 -0.9962607 -0.08216884
vn -0.19963139 -0.940557 -0.27477235
vn -0.050781131 -0.996261 -0.06989456
vn -0.27476084 -0.94056153 -0.19962578
vn -0.069893882 -0.99626112 -0.050780725
vn -0.32299566 -0.94056356 -0.10494737
vn -0.082164936 -0.99626106 -0.026696952
vn -0.33962399 -0.94056123 6.8387294e-07
vn -0.086395077 -0.99626088 1.7998613e-07
vn -0.3230032 -0.9405607 0.10494969
vn -0.082166895 -0.99626088 0.02669752
vn -0.27476263 -0.940561 0.19962628
vn -0.069893576 -0.99626112 0.05078011
vn -0.19962737 -0.94056004 0.27476504
vn -0.050778914 -0.9962613 0.069891289
vn -0.10495093 -0.94055969 0.32300591
vn -0.02669614 -0.99626124 0.082163356
vn -3.0641718e-07 -0.9405601 0.33962741
vn -9.8641735e-08 -0.99626112 0.086393118
vn 0.10495101 -0.9405601 0.32300463
vn 0.026697179 -0.99626112 0.082164966
vn 0.19962744 -0.94055986 0.27476528
vn 0.0507796 -0.99626124 0.069893062
vn 0.27476835 -0.94055873 0.19962883
vn 0.069892399 -0.99626124 0.05077922
vn 0.32300684 -0.94055909 0.10495252
vn 0.082164921 -0.99626112 0.026696973
vn 0.33962429 -0.94056112 9.8034462e-08
vn 0.086393826 -0.996261 4.8152128e-08
vn -0.21578252 0.96377349 0.15677562
vn -0.2536642 0.9637745 0.082420684
vn -7.3207204e-08 1 -1.0777727e-07
vn 1.5373514e-06 1 -1.1916507e-06
vn -0.15677519 0.96377373 0.21578193
vn 9.1102305e-07 1 -8.6221826e-07
vn -0.082421489 0.96377307 0.25366956
vn -2.3588994e-07 1 1.6268272e-07
vn -9.1590783e-07 0.96377331 0.26672295
vn -8.134136e-09 1 -1.0574377e-07
vn 0.082421154 0.96377438 0.25366482
vn -7.524074e-07 1 -1.8139119e-06
vn 0.15677492 0.96377379 0.2157819
vn -8.4595013e-07 1 -1.6430955e-06
vn 0.21578181 0.96377373 0.15677473
vn 1.6186925e-06 1 9.7609598e-07
vn 0.25367099 0.96377265 0.082422033
vn 2.6923976e-06 1 1.1082755e-06
vn 0.2667239 0.96377307 9.681512e-07
vn 9.9236411e-07 1 1.2607904e-07
vn 0.25366661 0.96377379 -0.082421981
vn -9.0288842e-07 0.99999994 3.1316401e-07
vn 0.21578468 0.96377277 -0.15677685
vn -2.8469455e-07 0.99999994 -1.0167662e-07
vn 0.15677591 0.96377343 -0.21578303
vn 7.3207175e-08 1 3.2536522e-07
vn 0.082422026 0.96377254 -0.2536712
vn -4.4331011e-07 1 7.9714482e-07
vn 8.2083375e-07 0.96377265 -0.26672521
vn 1.3624674e-07 1 4.9618211e-07
vn -0.082422055 0.96377349 -0.25366765
vn 1.0981083e-07 1 4.9618222e-07
vn -0.15677601 0.96377319 -0.21578388
vn 4.473775e-08 1 -8.134136e-09
vn -0.21578334 0.96377331 -0.15677577
vn -2.0335335e-07 1 -8.5408409e-08
vn -0.25367144 0.96377248 -0.082422398
vn -4.6364556e-07 0.99999994 -1.4641438e-07
vn -0.26672262 0.96377331 -1.2387818e-06
vn -7.7274274e-07 1 6.1006009e-09
vn 0.68158937 0.69741732 -0.22146109
vn 0.57979321 0.69741845 -0.42124489
vn 0.42124486 0.6974178 -0.57979417
vn 0.22146162 0.69741726 -0.68158913
vn -9.3321631e-08 0.69741696 -0.71666563
vn -0.22146133 0.69741786 -0.68158877
vn -0.42124462 0.6974194 -0.57979238
vn -0.57979453 0.69741708 -0.42124549
vn -0.6815899 0.69741637 -0.22146218
vn -0.71666616 0.69741642 1.0549416e-07
vn -0.68159056 0.69741583 0.22146219
vn -0.57979506 0.69741637 0.42124587
vn -0.4212456 0.69741654 0.57979506
vn -0.221462 0.6974169 0.68158948
vn 2.2721781e-07 0.69741797 0.71666467
vn 0.22146159 0.69741845 0.68158817
vn 0.42124465 0.69741857 0.57979345
vn 0.57979423 0.6974175 0.42124516
vn 0.68158919 0.6974172 0.22146182
vn 0.71666503 0.6974175 6.4919402e-07
vn 0.9510569 -3.240547e-08 -0.30901605
vn 0.809017 0 -0.5877853
vn 0.58778459 0 -0.80901748
vn 0.30901703 8.1013694e-09 -0.95105654
vn -3.5240933e-07 8.101364e-09 -0.99999994
vn -0.30901614 1.6202756e-08 -0.95105684
vn -0.58778602 2.430418e-08 -0.80901647
vn -0.8090173 -2.4304068e-08 -0.58778477
vn -0.95105636 0 -0.30901727
vn -1 1.6202705e-08 2.4304057e-08
vn -0.95105648 1.6202709e-08 0.30901715
vn -0.80901682 8.1013551e-09 0.58778554
vn -0.58778518 0 0.809017
vn -0.30901712 8.1013631e-09 0.95105648
vn 5.6709617e-08 1.6202748e-08 1
vn 0.30901718 1.6202758e-08 0.95105648
vn 0.5877853 -1.6202758e-08 0.80901694
vn 0.80901706 -3.240547e-08 0.58778507
vn 0.95105648 -2.4304089e-08 0.309017
vn 0.99999994 -1.620273e-08 8.6684605e-07
vn 0.74915153 -0.61605352 -0.24341328
vn 0.63726598 -0.61605358 -0.46300125
vn 0.46300164 -0.61605138 -0.63726777
vn 0.24341458 -0.61604995 -0.74915409
vn 5.671418e-07 -0.61605287 -0.78770489
vn -0.2434137 -0.61605507 -0.74915016
vn -0.46300048 -0.61605501 -0.63726503
vn -0.63726491 -0.61605555 -0.46300018
vn -0.74915022 -0.61605519 -0.24341348
vn -0.78770322 -0.61605489 -1.5254187e-07
vn -0.74915105 -0.61605364 0.24341443
vn -0.63726699 -0.61605191 0.46300188
vn -0.46300161 -0.61605185 0.63726723
vn -0.24341439 -0.61605275 0.74915177
vn 1.6427552e-07 -0.616054 0.78770399
vn 0.24341391 -0.61605436 0.74915069
vn 0.4630003 -0.61605489 0.63726526
vn 0.63726628 -0.61605352 0.46300077
vn 0.74915159 -0.61605322 0.2434141
vn 0.78770405 -0.61605382 6.883929e-07
vn 0.94463474 0.11600836 -0.306932
vn 0.80355483 0.11600666 -0.58381689
vn 0.58381683 0.1160116 -0.80355412
vn 0.30692899 0.116009 -0.94463563
vn 3.4623808e-06 0.1160067 -0.99324846
vn -0.30693322 0.11600873 -0.94463432
vn -0.58381653 0.11600752 -0.80355489
vn -0.80355448 0.11600295 -0.5838182
vn -0.94463599 0.11600146 -0.30693063
vn -0.99324846 0.11600661 -1.7532773e-06
vn -0.94463444 0.11600803 0.30693325
vn -0.80355507 0.11600647 0.58381647
vn -0.58381623 0.11600792 0.80355501
vn -0.30693099 0.11600552 0.94463545
vn -1.4156527e-06 0.11600993 0.99324811
vn 0.30693257 0.11601146 0.94463426
vn 0.58381647 0.11600675 0.80355507
vn 0.80355483 0.11600747 0.58381659
vn 0.94463527 0.11600632 0.30693114
vn 0.99324811 0.11600946 1.883705e-06
vn -0.56547469 0.71515578 0.41084123
vn -0.66475219 0.71515876 0.21599218
vn -0.69896394 0.71515679 -1.4464197e-06
vn -0.66475648 0.71515459 -0.21599269
vn -0.56547451 0.7151559 -0.41084129
vn -0.41084114 0.71515548 -0.56547511
vn -0.21599296 0.71515751 -0.66475326
vn 1.0096733e-06 0.71515477 -0.69896609
vn 0.21599263 0.71515399 -0.66475713
vn 0.41084036 0.71515679 -0.56547403
vn 0.56547624 0.71515423 -0.41084188
vn 0.66475421 0.71515644 -0.21599342
vn 0.6989646 0.71515614 1.0895093e-06
vn 0.6647566 0.71515447 0.21599272
vn 0.56547397 0.71515661 0.41084096
vn 0.41084087 0.7151565 0.56547415
vn 0.21599251 0.71515769 0.66475302
vn -8.9403102e-07 0.7151581 0.69896275
vn -0.21599108 0.71515757 0.66475379
vn -0.41084111 0.71515661 0.56547385
vn 0.99083209 -0.13509853 3.1298433e-07
vn 0.94233739 -0.13509819 -0.30618411
vn 0.94233704 -0.13509847 0.30618519
vn 0.80160123 -0.13509852 0.58239484
vn 0.58239502 -0.13509889 0.80160111
vn 0.30618528 -0.13509841 0.94233698
vn 1.0181422e-07 -0.13509871 0.99083215
vn -0.30618495 -0.13509828 0.94233716
vn -0.58239496 -0.13509846 0.80160123
vn -0.80160159 -0.13509887 0.58239436
vn -0.94233704 -0.13509832 0.30618519
vn -0.99083221 -0.13509862 1.0181422e-07
vn -0.94233704 -0.13509834 -0.30618528
vn -0.80160147 -0.13509808 -0.58239472
vn -0.58239454 -0.1350985 -0.80160141
vn -0.30618528 -0.13509789 -0.9423371
vn -9.1632796e-07 -0.13509767 -0.99083233
vn 0.30618462 -0.13509779 -0.94233727
vn 0.58239466 -0.135098 -0.80160153
vn 0.80160165 -0.13509837 -0.58239436
vn 0.94375384 0.12368622 -0.30664384
vn 0.99232155 0.12368502 -9.1035361e-08
vn 0.94375366 0.12368353 0.30664545
vn 0.80280638 0.12368701 0.5832696
vn 0.58327007 0.1236779 0.80280751
vn 0.306647 0.12367555 0.9437542
vn 6.3329054e-08 0.12368959 0.9923209
vn -0.30664521 0.12368837 0.94375312
vn -0.58326936 0.12369037 0.80280602
vn -0.80280632 0.1236888 0.5832693
vn -0.94375366 0.12368494 0.3066451
vn -0.99232185 0.12368262 -3.8788946e-07
vn -0.94375443 0.12367952 -0.30664477
vn -0.80280709 0.12367873 -0.58327031
vn -0.58326995 0.12367804 -0.80280751
vn -0.30664539 0.12367619 -0.94375467
vn -5.9370688e-08 0.12367407 -0.99232286
vn 0.30664518 0.12367406 -0.94375497
vn 0.58327013 0.12367026 -0.80280852
vn 0.80280715 0.12367802 -0.58327049
vn -0.70271307 -0.71147335 -1.2722134e-07
vn -0.66832078 -0.71147251 0.21715026
vn -0.6683203 -0.71147257 -0.21715131
vn -0.56850863 -0.71147305 -0.41304246
vn -0.41304329 -0.71147317 -0.56850785
vn -0.21715082 -0.71147257 -0.66832054
vn -7.9513335e-08 -0.71147329 -0.70271307
vn 0.21715087 -0.71147257 -0.66832048
vn 0.41304323 -0.71147311 -0.56850797
vn 0.56850868 -0.71147311 -0.41304234
vn 0.66832042 -0.71147251 -0.21715139
vn 0.70271301 -0.71147341 0
vn 0.66832042 -0.71147251 0.21715139
vn 0.56850868 -0.71147311 0.41304234
vn 0.41304323 -0.71147311 0.56850797
vn 0.21715087 -0.71147257 0.66832048
vn -7.4212444e-08 -0.71147329 0.70271313
vn -0.21715069 -0.71147251 0.6683206
vn -0.41304228 -0.71147311 0.56850868
vn -0.56850845 -0.71147323 0.41304249
vn -5.5024765e-07 -1 -1.7878725e-07
vn -5.7856374e-07 -1 -1.1723955e-13
vn -4.6806923e-07 -1 -3.4006968e-07
vn -3.4007044e-07 -1 -4.6806809e-07
vn -1.7878703e-07 -1 -5.5024697e-07
vn -6.750156e-14 -1 -5.7856278e-07
vn 1.7878709e-07 -1 -5.5024691e-07
vn 3.4007041e-07 -1 -4.6806821e-07
vn 4.6806932e-07 -1 -3.4006945e-07
vn 5.5024782e-07 -1 -1.7878733e-07
vn 5.7856357e-07 -1 1.0658141e-14
vn 5.5024816e-07 -1 1.7878749e-07
vn 4.6806991e-07 -1 3.4006996e-07
vn 3.4007104e-07 -1 4.6806912e-07
vn 1.7878749e-07 -1 5.502481e-07
vn -5.3290705e-14 -1 5.7856408e-07
vn -1.7878725e-07 -1 5.5024822e-07
vn -3.4006985e-07 -1 4.6806971e-07
vn -4.6806915e-07 -1 3.4006979e-07
vn -5.5024839e-07 -1 1.7878625e-07
vn 2.2737368e-13 -1 6.0254026e-13
vn -0.31592512 -0.70442772 -0.63558865
vn -0.56371576 -0.64247423 -0.51908708
vn -0.66266155 -0.093132414 -0.74310559
vn -0.43266094 -0.056563608 -0.89978063
vn -0.73073304 0.45619854 -0.50785047
vn -0.5128839 0.59130526 -0.62234092
vn -0.72806138 0.68376923 0.048849449
vn -0.50964981 0.85970259 0.034184657
vn -0.65628302 0.45623928 0.6009478
vn -0.42501742 0.59135211 0.6853196
vn -0.55741906 -0.09310364 0.82499433
vn -0.3084085 -0.056537971 0.94957232
vn -0.48931766 -0.64247584 0.58973968
vn -0.22814173 -0.70442188 0.67211694
vn -0.49190393 -0.87002325 0.033017755
vn -0.23124245 -0.97277224 0.015527562
vn -0.85096842 -0.4528093 -0.26611331
vn -0.90835911 -0.13399996 -0.39614096
vn -0.94787568 0.18478422 -0.25958911
vn -0.94635552 0.31682599 0.063501246
vn -0.90469563 0.18479964 0.38389444
vn -0.8473314 -0.1339626 0.51389056
vn -0.80782676 -0.45277941 0.37736818
vn -0.80931091 -0.58486485 0.054303575
vn -0.95331293 -0.29078451 -0.081478417
vn -0.979128 -0.14732775 -0.14001043
vn -0.99690193 -0.0038931866 -0.078559235
vn -0.99621719 0.055533338 0.066837743
vn -0.9774698 -0.0038986362 0.21103922
vn -0.95164663 -0.14733672 0.26955611
vn -0.93388623 -0.29077175 0.20810647
vn -0.93456709 -0.35021412 0.062724687
vn -0.98638397 -0.15054733 0.066197842
vn -0.30544823 -0.70441282 -0.64070588
vn -0.555085 -0.64243686 -0.5283519
vn -0.65024376 -0.093113773 -0.75399798
vn -0.41769919 -0.056530748 -0.90682513
vn -0.72218728 0.45622307 -0.51990974
vn -0.50242674 0.59132504 -0.63079488
vn -0.7287879 0.68375081 0.036782879
vn -0.51019418 0.85967374 0.025748001
vn -0.66618508 0.45620209 0.5899806
vn -0.43638676 0.59130061 0.67818153
vn -0.5710274 -0.093103208 0.81563437
vn -0.32413712 -0.056548581 0.94431853
vn -0.49902496 -0.64246053 0.5815655
vn -0.23921049 -0.70441508 0.66826469
vn -0.49240473 -0.87001091 0.024873042
vn -0.23142497 -0.97278219 0.011715035
vn -0.84645444 -0.45278585 -0.28017816
vn -0.90166825 -0.13399129 -0.41114569
vn -0.94344807 0.1847911 -0.27524143
vn -0.94727361 0.3168371 0.047820993
vn -0.91092801 0.18480802 0.36885804
vn -0.85571355 -0.13395655 0.49980989
vn -0.81396294 -0.4527725 0.36395228
vn -0.81011599 -0.58484119 0.040899687
vn -0.95182782 -0.29079995 -0.097258054
vn -0.97667301 -0.14731458 -0.15623163
vn -0.99546176 -0.0038947531 -0.095082238
vn -0.99718714 0.055540182 0.050332297
vn -0.98082519 -0.0038715482 0.19485112
vn -0.95596975 -0.14732784 0.25380376
vn -0.93718642 -0.29081348 0.19263688
vn -0.93545586 -0.350272 0.04724345
vn -0.98734277 -0.15056589 0.049840838
vn -0.555085 -0.6424368 -0.52835184
vn -0.72218728 0.4562231 -0.51990974
vn -0.7287879 0.68375081 0.036782876
vn -0.66618514 0.45620209 0.5899806
vn -0.49902496 -0.64246053 0.58156556
vn -0.49240476 -0.87001085 0.024873046
vn -0.8464545 -0.45278591 -0.28017819
vn -0.90166819 -0.13399129 -0.41114569
vn -0.94344807 0.18479109 -0.27524143
vn -0.94727361 0.3168371 0.047820989
vn -0.91092795 0.18480799 0.36885801
vn -0.81396294 -0.45277256 0.36395231
vn -0.81011599 -0.58484125 0.040899683
vn -0.99546176 -0.0038947549 -0.095082238
vn -0.98082519 -0.0038715517 0.19485112
vn -0.93718648 -0.29081351 0.19263691
vn -0.98734277 -0.15056588 0.049840838
vn -0.5710274 -0.093103208 0.81563443
vn -0.84645444 -0.45278579 -0.28017816
vn -0.94727367 0.31683713 0.047821
vn -0.91092801 0.184808 0.36885804
vn -0.81396294 -0.45277253 0.36395231
vn -0.81011599 -0.58484125 0.040899687
vn -0.95182782 -0.29079992 -0.097258054
vn -0.99546182 -0.0038947545 -0.095082238
vn -0.99718708 0.055540178 0.050332289
vn -0.95596981 -0.14732784 0.25380376
vn -0.93545592 -0.350272 0.047243457
vn -0.98734283 -0.15056589 0.049840838
vn -0.49240473 -0.87001091 0.024873046
vn -0.90166819 -0.13399129 -0.41114566
vn -0.94727367 0.31683713 0.047820996
vn -0.93545586 -0.350272 0.047243454
vn -0.98734283 -0.15056588 0.049840838
vn -0.94727361 0.31683713 0.047820989
vn -0.81396294 -0.4527725 0.36395231
vn -0.81011605 -0.58484125 0.04089969
vn -0.95596975 -0.14732783 0.25380376
vn -0.93545586 -0.35027197 0.047243454
vn -0.30545098 -0.70441306 -0.64070427
vn -0.55508411 -0.64243788 -0.52835137
vn -0.65024424 -0.093113013 -0.75399756
vn -0.41770524 -0.056531791 -0.90682214
vn -0.72218621 0.45622435 -0.51991016
vn -0.50243384 0.59132248 -0.6307916
vn -0.72878718 0.68375164 0.036782254
vn -0.51019758 0.85967165 0.025748806
vn -0.66618448 0.45620215 0.58998126
vn -0.43638992 0.59129965 0.6781804
vn -0.57102644 -0.09310285 0.8156352
vn -0.3241396 -0.056550164 0.94431746
vn -0.49240273 -0.87001204 0.024872474
vn -0.23142494 -0.97278219 0.011715543
vn -0.84645396 -0.45278651 -0.28017858
vn -0.90166843 -0.13399258 -0.41114497
vn -0.94344813 0.18479258 -0.27524057
vn -0.94727325 0.31683835 0.047820646
vn -0.9109273 0.18480815 0.36885965
vn -0.85571182 -0.13395667 0.4998129
vn -0.81396306 -0.45277151 0.36395332
vn -0.81011659 -0.5848403 0.040899478
vn -0.95182711 -0.29080167 -0.097260535
vn -0.97667253 -0.14731653 -0.15623252
vn -0.99546194 -0.0038939395 -0.095080793
vn -0.99718696 0.055543222 0.050329745
vn -0.9808253 -0.0038725608 0.19485059
vn -0.95596784 -0.14733177 0.25380886
vn -0.93718517 -0.29081523 0.19264078
vn -0.93545538 -0.35027289 0.047243875
vn -0.98734266 -0.15056731 0.049839284
vn -0.72218728 0.45622313 -0.51990974
vn -0.90166819 -0.1339913 -0.41114572
vn -0.81396294 -0.45277253 0.36395234
vn -0.98082519 -0.0038715496 0.19485112
vn -0.8464545 -0.45278588 -0.28017822
vn -0.813963 -0.45277253 0.36395231
vn -0.93545586 -0.350272 0.047243457
vn 0.31592512 -0.70442772 -0.63558865
vn 0.43266094 -0.056563608 -0.89978063
vn 0.66266155 -0.093132414 -0.74310571
vn 0.56371576 -0.64247423 -0.51908708
vn 0.5128839 0.59130526 -0.62234092
vn 0.73073304 0.45619857 -0.50785053
vn 0.50964981 0.85970259 0.034184657
vn 0.72806138 0.68376923 0.048849449
vn 0.42501742 0.59135211 0.6853196
vn 0.65628302 0.45623925 0.60094774
vn 0.3084085 -0.056537971 0.94957232
vn 0.55741912 -0.09310364 0.82499433
vn 0.22814173 -0.70442188 0.67211694
vn 0.48931763 -0.64247584 0.58973968
vn 0.23124245 -0.97277224 0.015527562
vn 0.49190393 -0.87002325 0.033017755
vn 0.90835911 -0.13399996 -0.39614096
vn 0.85096854 -0.45280933 -0.26611334
vn 0.94787568 0.18478422 -0.25958911
vn 0.94635552 0.31682599 0.063501246
vn 0.90469563 0.18479964 0.38389444
vn 0.8473314 -0.1339626 0.51389056
vn 0.80782676 -0.45277947 0.37736824
vn 0.80931091 -0.58486485 0.054303572
vn 0.979128 -0.14732774 -0.1400104
vn 0.95331293 -0.29078448 -0.081478417
vn 0.99690193 -0.0038931866 -0.078559235
vn 0.99621719 0.055533331 0.066837743
vn 0.9774698 -0.0038986362 0.21103922
vn 0.95164663 -0.14733672 0.26955611
vn 0.93388617 -0.29077172 0.20810646
vn 0.93456709 -0.35021412 0.06272468
vn 0.98638403 -0.15054733 0.06619785
vn 0.30544823 -0.70441282 -0.64070588
vn 0.41769919 -0.056530748 -0.90682513
vn 0.65024376 -0.093113773 -0.75399798
vn 0.555085 -0.64243686 -0.5283519
vn 0.50242674 0.59132504 -0.63079488
vn 0.72218728 0.45622307 -0.51990974
vn 0.51019418 0.85967374 0.025748001
vn 0.7287879 0.68375081 0.036782879
vn 0.43638676 0.59130061 0.67818153
vn 0.66618514 0.45620209 0.5899806
vn 0.32413712 -0.056548581 0.94431853
vn 0.5710274 -0.093103208 0.81563437
vn 0.23921049 -0.70441508 0.66826469
vn 0.49902496 -0.64246053 0.5815655
vn 0.23142497 -0.97278219 0.011715035
vn 0.49240473 -0.87001091 0.024873042
vn 0.90166819 -0.1339913 -0.41114566
vn 0.8464545 -0.45278591 -0.28017819
vn 0.94344807 0.18479109 -0.27524143
vn 0.94727367 0.31683713 0.047821
vn 0.91092795 0.18480799 0.36885801
vn 0.85571355 -0.13395655 0.49980989
vn 0.81396294 -0.45277253 0.36395231
vn 0.81011599 -0.58484125 0.040899683
vn 0.97667301 -0.14731458 -0.15623163
vn 0.95182782 -0.29079995 -0.097258054
vn 0.99546182 -0.0038947549 -0.095082238
vn 0.99718714 0.055540182 0.050332297
vn 0.98082519 -0.0038715536 0.19485112
vn 0.95596975 -0.14732784 0.25380376
vn 0.93718642 -0.29081348 0.19263688
vn 0.93545586 -0.350272 0.047243454
vn 0.98734277 -0.15056589 0.049840838
vn 0.555085 -0.6424368 -0.52835184
vn 0.72218728 0.4562231 -0.51990974
vn 0.72878784 0.68375081 0.036782876
vn 0.49240473 -0.87001085 0.024873033
vn 0.90166819 -0.13399129 -0.41114569
vn 0.8464545 -0.45278588 -0.28017822
vn 0.94727361 0.3168371 0.047820989
vn 0.91092801 0.18480802 0.36885804
vn 0.813963 -0.45277253 0.36395231
vn 0.81011599 -0.58484125 0.040899687
vn 0.97667301 -0.14731456 -0.15623163
vn 0.99546176 -0.0038947531 -0.095082238
vn 0.99718708 0.055540178 0.050332289
vn 0.98082519 -0.0038715496 0.19485112
vn 0.95596975 -0.14732783 0.25380373
vn 0.93718648 -0.29081351 0.19263691
vn 0.93545586 -0.350272 0.04724345
vn 0.98734283 -0.15056588 0.049840838
vn 0.7287879 0.68375081 0.036782876
vn 0.66618508 0.45620209 0.5899806
vn 0.5710274 -0.093103215 0.81563437
vn 0.49240473 -0.87001091 0.024873046
vn 0.90166819 -0.1339913 -0.41114572
vn 0.84645444 -0.45278579 -0.28017819
vn 0.94727361 0.3168371 0.047820993
vn 0.81396294 -0.45277253 0.36395228
vn 0.81011599 -0.58484119 0.040899687
vn 0.93545586 -0.35027197 0.047243454
vn 0.84645444 -0.45278585 -0.28017819
vn 0.94727367 0.31683713 0.047820996
vn 0.85571355 -0.13395655 0.49980992
vn 0.99718714 0.055540182 0.050332293
vn 0.95596981 -0.14732786 0.25380379
vn 0.93545586 -0.350272 0.047243457
vn 0.6502437 -0.093113765 -0.75399798
vn 0.72218728 0.45622313 -0.51990974
vn 0.5710274 -0.093103208 0.81563443
vn 0.49240476 -0.87001085 0.024873046
vn 0.84645444 -0.45278585 -0.28017816
vn 0.94344807 0.1847911 -0.27524143
vn 0.81396294 -0.4527725 0.36395228
vn 0.81011605 -0.58484125 0.040899683
vn 0.95182782 -0.29079992 -0.097258054
vn 0.99546182 -0.0038947545 -0.095082238
vn 0.98734277 -0.15056588 0.049840838
vn 0.30545098 -0.70441306 -0.64070427
vn 0.41770524 -0.056531791 -0.90682214
vn 0.65024424 -0.093113013 -0.75399756
vn 0.55508411 -0.64243793 -0.52835137
vn 0.50243384 0.59132248 -0.6307916
vn 0.72218621 0.45622435 -0.5199101
vn 0.51019758 0.85967165 0.025748806
vn 0.72878718 0.68375158 0.036782246
vn 0.43638992 0.59129965 0.6781804
vn 0.66618448 0.45620215 0.58998126
vn 0.3241396 -0.056550164 0.94431746
vn 0.57102644 -0.09310285 0.8156352
vn 0.23142494 -0.97278219 0.011715543
vn 0.49240273 -0.87001204 0.024872467
vn 0.90166843 -0.1339926 -0.411145
vn 0.84645396 -0.45278651 -0.28017858
vn 0.94344813 0.18479258 -0.27524057
vn 0.94727325 0.31683835 0.047820646
vn 0.9109273 0.18480815 0.36885965
vn 0.85571182 -0.13395667 0.49981284
vn 0.81396306 -0.45277151 0.36395332
vn 0.81011659 -0.5848403 0.040899478
vn 0.97667259 -0.14731655 -0.15623252
vn 0.95182705 -0.29080164 -0.097260512
vn 0.99546194 -0.0038939395 -0.095080793
vn 0.9971869 0.055543218 0.050329741
vn 0.98082525 -0.0038725606 0.19485058
vn 0.95596784 -0.14733177 0.25380886
vn 0.93718517 -0.29081526 0.19264078
vn 0.93545544 -0.35027292 0.047243875
vn 0.98734266 -0.15056731 0.049839292
vn 0.5710274 -0.093103215 0.81563443
vn 0.49240473 -0.87001085 0.02487305
vn 0.90166819 -0.13399129 -0.41114566
vn 0.84645444 -0.45278579 -0.28017816
vn 0.99546176 -0.0038947549 -0.095082238
vn 0.8464545 -0.45278582 -0.28017819
vn 0.95182788 -0.29079992 -0.097258046
vn 0.98082519 -0.0038715517 0.19485112
vn 0.95596981 -0.14732784 0.25380376
vn -0.15427713 -0.81260973 -0.5620178
vn -0.42262584 -0.73879749 -0.52494359
vn -0.4508093 -0.2625536 -0.85313344
vn -0.18955863 -0.24344052 -0.95121199
vn -0.58319151 0.29241091 -0.75788081
vn -0.34511483 0.41906831 -0.83980811
vn -0.73249984 0.62114853 -0.27860114
vn -0.52244574 0.80721736 -0.27468297
vn -0.80152017 0.51001525 0.31216961
vn -0.60371894 0.67619616 0.42223459
vn -0.75304633 0.028942587 0.65733063
vn -0.5462423 0.10059915 0.83156431
vn -0.63423306 -0.54262882 0.5507288
vn -0.40255877 -0.58118838 0.70722449
vn -0.49844417 -0.86511552 0.055934053
vn -0.2436673 -0.96195757 0.12354703
vn -0.76189619 -0.51670349 -0.39055303
vn -0.77580881 -0.25211743 -0.57840955
vn -0.85202312 0.057904571 -0.52029186
vn -0.93777299 0.24843962 -0.24260969
vn -0.97780085 0.1839816 0.1002809
vn -0.9508878 -0.082730353 0.29827496
vn -0.88532245 -0.40251505 0.23277815
vn -0.80587047 -0.58962554 -0.053985663
vn -0.90551335 -0.32761139 -0.26965946
vn -0.90956587 -0.22219832 -0.35116643
vn -0.94190526 -0.096294217 -0.32177919
vn -0.98029917 -0.010448225 -0.19724165
vn -0.99828994 -0.039849468 -0.042769089
vn -0.98835504 -0.14579342 0.043572765
vn -0.96113116 -0.27589646 0.010391213
vn -0.92518765 -0.36055097 -0.11845188
vn -0.96934259 -0.18816575 -0.15801376
vn -0.35119605 -0.654733 -0.66931772
vn -0.59188825 -0.6038155 -0.53392428
vn -0.70521379 -0.039367735 -0.707901
vn -0.48488644 0.010968408 -0.87450832
vn -0.76056576 0.48939592 -0.42665142
vn -0.55019873 0.63454974 -0.54279655
vn -0.72556859 0.6726867 0.14506152
vn -0.50894403 0.85070235 0.13145921
vn -0.62075394 0.4031556 0.67240626
vn -0.38538066 0.5328275 0.75337678
vn -0.50747907 -0.16128382 0.84643519
vn -0.25169486 -0.13286242 0.9586435
vn -0.45204872 -0.69007099 0.56520259
vn -0.18616737 -0.75646192 0.62698257
vn -0.48703083 -0.87336004 -0.0065829838
vn -0.22744545 -0.9726373 -0.047386028
vn -0.86412746 -0.4365657 -0.25038818
vn -0.92987096 -0.10898799 -0.35137099
vn -0.96199358 0.19789818 -0.18816079
vn -0.94168276 0.30429298 0.14366397
vn -0.88083225 0.14786468 0.44974494
vn -0.81510574 -0.17972951 0.55072671
vn -0.7830072 -0.48658711 0.38746953
vn -0.80330354 -0.59296459 0.055645395
vn -0.95574361 -0.29026824 -0.047942679
vn -0.98533052 -0.14283778 -0.093386762
vn -0.99979001 -0.0047326176 -0.019934857
vn -0.9906528 0.043142743 0.12940556
vn -0.96327174 -0.027257722 0.26714134
vn -0.93368155 -0.17468897 0.31260583
vn -0.91922599 -0.3127782 0.23915102
vn -0.92836773 -0.36065367 0.089790314
vn -0.98038048 -0.16221428 0.11198466
vn -0.23464714 -0.7393477 -0.6311146
vn -0.49477386 -0.67544103 -0.54678893
vn -0.5725441 -0.13931125 -0.80795151
vn -0.32638681 -0.10700157 -0.93916041
vn -0.67214495 0.4198451 -0.60987812
vn -0.44386074 0.55243349 -0.70555294
vn -0.73521817 0.67434776 -0.068626225
vn -0.51822686 0.85259837 -0.067206614
vn -0.7248596 0.47516677 0.49879351
vn -0.50612497 0.61767662 0.60192448
vn -0.6471343 -0.060992721 0.75993234
vn -0.41450748 -0.014705009 0.90992701
vn -0.54751217 -0.62008202 0.56189746
vn -0.29696104 -0.67401719 0.67639863
vn -0.48445037 -0.87457508 0.020646418
vn -0.22249921 -0.97419059 0.038038235
vn -0.8107816 -0.47795963 -0.33791673
vn -0.8559128 -0.16683991 -0.48946697
vn -0.9137246 0.15763867 -0.37450933
vn -0.95032728 0.30533114 -0.060421981
vn -0.94429117 0.18976876 0.26889023
vn -0.89915013 -0.12137432 0.42047292
vn -0.84133601 -0.44587949 0.30552435
vn -0.80474752 -0.59355509 -0.0085943788
vn -0.93500584 -0.3087393 -0.17448293
vn -0.95532238 -0.16869313 -0.24269693
vn -0.98133767 -0.022679856 -0.19095053
vn -0.99780732 0.043802571 -0.049618647
vn -0.99509889 -0.0082266489 0.098541595
vn -0.97478318 -0.14825124 0.16679141
vn -0.94876754 -0.29428017 0.11506215
vn -0.93227917 -0.36078155 -0.026306124
vn -0.98604399 -0.16190343 -0.038788497
vn 0.15427713 -0.81260973 -0.5620178
vn 0.18955863 -0.24344052 -0.95121199
vn 0.45080933 -0.2625536 -0.85313338
vn 0.42262581 -0.73879749 -0.52494359
vn 0.34511483 0.41906831 -0.83980811
vn 0.58319151 0.29241094 -0.75788093
vn 0.52244574 0.80721736 -0.27468297
vn 0.73249984 0.62114853 -0.27860114
vn 0.60371894 0.67619616 0.42223459
vn 0.80152017 0.51001525 0.31216958
vn 0.5462423 0.10059915 0.83156431
vn 0.75304633 0.028942587 0.65733063
vn 0.40255877 -0.58118838 0.70722449
vn 0.63423318 -0.54262888 0.5507288
vn 0.2436673 -0.96195757 0.12354703
vn 0.4984442 -0.86511546 0.055934053
vn 0.77580881 -0.25211743 -0.57840955
vn 0.76189619 -0.51670349 -0.39055306
vn 0.85202312 0.057904571 -0.52029181
vn 0.93777299 0.24843962 -0.24260969
vn 0.97780091 0.18398164 0.10028091
vn 0.95088786 -0.082730353 0.29827496
vn 0.88532245 -0.40251505 0.23277815
vn 0.80587041 -0.5896256 -0.05398567
vn 0.90956587 -0.22219832 -0.35116646
vn 0.90551335 -0.32761139 -0.26965946
vn 0.94190532 -0.096294209 -0.32177919
vn 0.98029917 -0.010448229 -0.19724165
vn 0.99828994 -0.039849468 -0.042769089
vn 0.98835504 -0.14579345 0.043572765
vn 0.96113116 -0.27589646 0.010391213
vn 0.92518765 -0.360551 -0.11845189
vn 0.96934259 -0.18816577 -0.15801378
vn 0.35119605 -0.654733 -0.66931772
vn 0.48488644 0.010968408 -0.87450832
vn 0.70521373 -0.039367735 -0.707901
vn 0.59188825 -0.6038155 -0.53392428
vn 0.55019873 0.63454974 -0.54279655
vn 0.7605657 0.48939592 -0.42665142
vn 0.50894403 0.85070235 0.13145921
vn 0.72556859 0.6726867 0.14506154
vn 0.38538066 0.5328275 0.75337678
vn 0.62075394 0.40315557 0.67240626
vn 0.25169486 -0.13286242 0.9586435
vn 0.50747907 -0.16128382 0.84643519
vn 0.18616737 -0.75646192 0.62698257
vn 0.45204878 -0.69007099 0.56520265
vn 0.22744545 -0.9726373 -0.047386028
vn 0.48703083 -0.87336004 -0.0065829917
vn 0.92987096 -0.10898799 -0.35137099
vn 0.86412746 -0.4365657 -0.25038818
vn 0.96199358 0.19789818 -0.18816079
vn 0.94168276 0.30429295 0.14366397
vn 0.88083225 0.14786468 0.44974494
vn 0.81510574 -0.17972951 0.55072671
vn 0.7830072 -0.4865872 0.38746953
vn 0.80330354 -0.59296465 0.055645395
vn 0.98533052 -0.14283778 -0.093386754
vn 0.95574361 -0.29026824 -0.047942683
vn 0.99979001 -0.0047326176 -0.019934857
vn 0.99065274 0.04314274 0.12940556
vn 0.96327174 -0.027257722 0.26714134
vn 0.93368161 -0.17468897 0.3126058
vn 0.91922599 -0.3127782 0.23915102
vn 0.92836773 -0.36065367 0.089790307
vn 0.98038048 -0.16221425 0.11198465
vn 0.23464714 -0.7393477 -0.6311146
vn 0.32638681 -0.10700157 -0.93916041
vn 0.5725441 -0.13931125 -0.80795151
vn 0.49477386 -0.67544115 -0.54678887
vn 0.44386074 0.55243349 -0.70555294
vn 0.67214489 0.41984507 -0.60987812
vn 0.51822686 0.85259837 -0.067206614
vn 0.73521817 0.6743477 -0.068626218
vn 0.50612497 0.61767662 0.60192448
vn 0.7248596 0.47516677 0.49879351
vn 0.41450748 -0.014705009 0.90992701
vn 0.6471343 -0.060992725 0.75993228
vn 0.29696104 -0.67401719 0.67639863
vn 0.54751223 -0.62008202 0.56189746
vn 0.22249921 -0.97419059 0.038038235
vn 0.48445037 -0.87457508 0.020646418
vn 0.85591274 -0.16683991 -0.48946697
vn 0.8107816 -0.47795963 -0.33791673
vn 0.9137246 0.15763867 -0.37450933
vn 0.95032728 0.30533111 -0.060421985
vn 0.94429117 0.18976876 0.2688902
vn 0.89915013 -0.12137432 0.42047292
vn 0.84133601 -0.44587949 0.30552435
vn 0.80474752 -0.59355509 -0.0085943788
vn 0.95532238 -0.16869313 -0.24269693
vn 0.93500584 -0.30873933 -0.17448293
vn 0.98133767 -0.022679856 -0.19095053
vn 0.99780732 0.043802571 -0.049618643
vn 0.99509889 -0.0082266498 0.098541602
vn 0.97478318 -0.14825124 0.16679141
vn 0.94876754 -0.29428017 0.11506216
vn 0.93227917 -0.36078155 -0.026306123
vn 0.98604405 -0.16190344 -0.038788501

# Mesh 'handle' with 280 faces
g handle
usemtl M_Bucket
f  1//1 2//2 3//3 4//4
f  2//2 5//5 6//6 3//3
f  5//5 7//7 8//8 6//6
f  7//7 9//9 10//10 8//8
f  9//9 11//11 12//12 10//10
f  11//11 13//13 14//14 12//12
f  13//13 15//15 16//16 14//14
f  15//15 1//1 4//4 16//16
f  4//4 3//3 17//17 18//18
f  3//3 6//6 19//19 17//17
f  6//6 8//8 20//20 19//19
f  8//8 10//10 21//21 20//20
f  10//10 12//12 22//22 21//21
f  12//12 14//14 23//23 22//22
f  14//14 16//16 24//24 23//23
f  16//16 4//4 18//18 24//24
f  18//18 17//17 25//25 26//26
f  17//17 19//19 27//27 25//25
f  19//19 20//20 28//28 27//27
f  20//20 21//21 29//29 28//28
f  21//21 22//22 30//30 29//29
f  22//22 23//23 31//31 30//30
f  23//23 24//24 32//32 31//31
f  24//24 18//18 26//26 32//32
f  26//26 25//25 33//33 34//34
f  25//25 27//27 35//35 33//33
f  27//27 28//28 36//36 35//35
f  28//28 29//29 37//37 36//36
f  29//29 30//30 38//38 37//37
f  30//30 31//31 39//39 38//38
f  31//31 32//32 40//40 39//39
f  32//32 26//26 34//34 40//40
f  34//34 33//33 41//41 42//42
f  33//33 35//35 43//43 41//41
f  35//35 36//36 44//44 43//43
f  36//36 37//37 45//45 44//44
f  37//37 38//38 46//46 45//45
f  38//38 39//39 47//47 46//46
f  39//39 40//40 48//48 47//47
f  40//40 34//34 42//42 48//48
f  42//42 41//41 49//49 50//50
f  41//41 43//43 51//51 49//49
f  43//43 44//44 52//52 51//51
f  44//44 45//45 53//53 52//52
f  45//45 46//46 54//54 53//53
f  46//46 47//47 55//55 54//54
f  47//47 48//48 56//56 55//55
f  48//48 42//42 50//50 56//56
f  50//50 49//49 57//57 58//58
f  49//49 51//51 59//59 57//57
f  51//51 52//52 60//60 59//59
f  52//52 53//53 61//61 60//60
f  53//53 54//54 62//62 61//61
f  54//54 55//55 63//63 62//62
f  55//55 56//56 64//64 63//63
f  56//56 50//50 58//58 64//64
f  58//58 57//57 65//65 66//66
f  57//57 59//59 67//67 65//65
f  59//59 60//60 68//68 67//67
f  60//60 61//61 69//69 68//68
f  61//61 62//62 70//70 69//69
f  62//62 63//63 71//71 70//70
f  63//63 64//64 72//72 71//71
f  64//64 58//58 66//66 72//72
f  66//66 65//65 73//73 74//74
f  65//65 67//67 75//75 73//73
f  67//67 68//68 76//76 75//75
f  68//68 69//69 77//77 76//76
f  69//69 70//70 78//78 77//77
f  70//70 71//71 79//79 78//78
f  71//71 72//72 80//80 79//79
f  72//72 66//66 74//74 80//80
f  74//74 73//73 81//81 82//82
f  73//73 75//75 83//83 81//81
f  75//75 76//76 84//84 83//83
f  76//76 77//77 85//85 84//84
f  77//77 78//78 86//86 85//85
f  78//78 79//79 87//87 86//86
f  79//79 80//80 88//88 87//87
f  80//80 74//74 82//82 88//88
f  89//89 90//90 91//91 92//92
f  90//90 93//93 94//94 91//91
f  93//93 95//95 96//96 94//94
f  95//95 97//97 98//98 96//96
f  97//97 99//99 100//100 98//98
f  99//99 101//101 102//102 100//100
f  101//101 103//103 104//104 102//102
f  103//103 89//89 92//92 104//104
f  82//82 105//105 106//106 88//88
f  105//105 89//89 103//103 106//106
f  89//89 105//105 107//107 90//90
f  105//105 82//82 81//81 107//107
f  90//90 107//107 108//108 93//93
f  107//107 81//81 83//83 108//108
f  93//93 108//108 109//109 95//95
f  108//108 83//83 84//84 109//109
f  95//95 109//109 110//110 97//97
f  109//109 84//84 85//85 110//110
f  97//97 110//110 111//111 99//99
f  110//110 85//85 86//86 111//111
f  99//99 111//111 112//112 101//101
f  111//111 86//86 87//87 112//112
f  101//101 112//112 106//106 103//103
f  112//112 87//87 88//88 106//106
f  113//113 114//114 2//2 1//1
f  114//114 115//115 5//5 2//2
f  115//115 116//116 7//7 5//5
f  116//116 117//117 9//9 7//7
f  117//117 118//118 11//11 9//9
f  118//118 119//119 13//13 11//11
f  119//119 120//120 15//15 13//13
f  120//120 113//113 1//1 15//15
f  121//121 122//122 123//123 124//124
f  124//124 123//123 125//125 126//126
f  126//126 125//125 127//127 128//128
f  128//128 127//127 129//129 130//130
f  130//130 129//129 131//131 132//132
f  132//132 131//131 133//133 134//134
f  134//134 133//133 135//135 136//136
f  136//136 135//135 122//122 121//121
f  122//122 137//137 138//138 123//123
f  123//123 138//138 139//139 125//125
f  125//125 139//139 140//140 127//127
f  127//127 140//140 141//141 129//129
f  129//129 141//141 142//142 131//131
f  131//131 142//142 143//143 133//133
f  133//133 143//143 144//144 135//135
f  135//135 144//144 137//137 122//122
f  137//137 145//145 146//146 138//138
f  138//138 146//146 147//147 139//139
f  139//139 147//147 148//148 140//140
f  140//140 148//148 149//149 141//141
f  141//141 149//149 150//150 142//142
f  142//142 150//150 151//151 143//143
f  143//143 151//151 152//152 144//144
f  144//144 152//152 145//145 137//137
f  145//145 153//153 154//154 146//146
f  146//146 154//154 155//155 147//147
f  147//147 155//155 156//156 148//148
f  148//148 156//156 157//157 149//149
f  149//149 157//157 158//158 150//150
f  150//150 158//158 159//159 151//151
f  151//151 159//159 160//160 152//152
f  152//152 160//160 153//153 145//145
f  153//153 161//161 162//162 154//154
f  154//154 162//162 163//163 155//155
f  155//155 163//163 164//164 156//156
f  156//156 164//164 165//165 157//157
f  157//157 165//165 166//166 158//158
f  158//158 166//166 167//167 159//159
f  159//159 167//167 168//168 160//160
f  160//160 168//168 161//161 153//153
f  161//161 169//169 170//170 162//162
f  162//162 170//170 171//171 163//163
f  163//163 171//171 172//172 164//164
f  164//164 172//172 173//173 165//165
f  165//165 173//173 174//174 166//166
f  166//166 174//174 175//175 167//167
f  167//167 175//175 176//176 168//168
f  168//168 176//176 169//169 161//161
f  169//169 177//177 178//178 170//170
f  170//170 178//178 179//179 171//171
f  171//171 179//179 180//180 172//172
f  172//172 180//180 181//181 173//173
f  173//173 181//181 182//182 174//174
f  174//174 182//182 183//183 175//175
f  175//175 183//183 184//184 176//176
f  176//176 184//184 177//177 169//169
f  177//177 185//185 186//186 178//178
f  178//178 186//186 187//187 179//179
f  179//179 187//187 188//188 180//180
f  180//180 188//188 189//189 181//181
f  181//181 189//189 190//190 182//182
f  182//182 190//190 191//191 183//183
f  183//183 191//191 192//192 184//184
f  184//184 192//192 185//185 177//177
f  185//185 193//193 194//194 186//186
f  186//186 194//194 195//195 187//187
f  187//187 195//195 196//196 188//188
f  188//188 196//196 197//197 189//189
f  189//189 197//197 198//198 190//190
f  190//190 198//198 199//199 191//191
f  191//191 199//199 200//200 192//192
f  192//192 200//200 193//193 185//185
f  193//193 201//201 202//202 194//194
f  194//194 202//202 203//203 195//195
f  195//195 203//203 204//204 196//196
f  196//196 204//204 205//205 197//197
f  197//197 205//205 206//206 198//198
f  198//198 206//206 207//207 199//199
f  199//199 207//207 208//208 200//200
f  200//200 208//208 201//201 193//193
f  209//209 210//210 211//211 212//212
f  212//212 211//211 213//213 214//214
f  214//214 213//213 215//215 216//216
f  216//216 215//215 217//217 218//218
f  218//218 217//217 219//219 220//220
f  220//220 219//219 221//221 222//222
f  222//222 221//221 223//223 224//224
f  224//224 223//223 210//210 209//209
f  201//201 208//208 225//225 226//226
f  226//226 225//225 224//224 209//209
f  209//209 212//212 227//227 226//226
f  226//226 227//227 202//202 201//201
f  212//212 214//214 228//228 227//227
f  227//227 228//228 203//203 202//202
f  214//214 216//216 229//229 228//228
f  228//228 229//229 204//204 203//203
f  216//216 218//218 230//230 229//229
f  229//229 230//230 205//205 204//204
f  218//218 220//220 231//231 230//230
f  230//230 231//231 206//206 205//205
f  220//220 222//222 232//232 231//231
f  231//231 232//232 207//207 206//206
f  222//222 224//224 225//225 232//232
f  232//232 225//225 208//208 207//207
f  113//113 121//121 124//124 114//114
f  114//114 124//124 126//126 115//115
f  115//115 126//126 128//128 116//116
f  116//116 128//128 130//130 117//117
f  117//117 130//130 132//132 118//118
f  118//118 132//132 134//134 119//119
f  119//119 134//134 136//136 120//120
f  120//120 136//136 121//121 113//113
f  233//233 234//234 235//235 236//236
f  234//234 237//237 238//238 235//235
f  239//239 240//240 241//241 242//242
f  240//240 243//243 244//244 241//241
f  245//245 246//246 247//247 248//248
f  246//246 249//249 250//250 247//247
f  251//251 252//252 253//253 254//254
f  252//252 255//255 256//256 253//253
f  92//92 91//91 238//238 237//237
f  91//91 94//94 243//243 238//238
f  94//94 96//96 244//244 243//243
f  96//96 98//98 249//249 244//244
f  98//98 100//100 250//250 249//249
f  100//100 102//102 255//255 250//250
f  102//102 104//104 256//256 255//255
f  104//104 92//92 237//237 256//256
f  210//210 257//257 258//258 211//211
f  211//211 258//258 259//259 213//213
f  213//213 259//259 260//260 215//215
f  215//215 260//260 261//261 217//217
f  217//217 261//261 262//262 219//219
f  219//219 262//262 263//263 221//221
f  221//221 263//263 264//264 223//223
f  223//223 264//264 257//257 210//210
f  233//233 236//236 239//239 265//265
f  266//266 267//267 268//268 269//269
f  245//245 265//265 239//239 242//242
f  270//270 271//271 268//268 267//267
f  251//251 265//265 245//245 248//248
f  233//233 265//265 251//251 254//254
f  272//272 267//267 266//266 273//273
f  270//270 267//267 272//272 274//274
f  236//236 235//235 240//240 239//239
f  235//235 238//238 243//243 240//240
f  242//242 241//241 246//246 245//245
f  241//241 244//244 249//249 246//246
f  248//248 247//247 252//252 251//251
f  247//247 250//250 255//255 252//252
f  237//237 234//234 253//253 256//256
f  234//234 233//233 254//254 253//253
f  257//257 275//275 276//276 258//258
f  275//275 270//270 274//274 276//276
f  258//258 276//276 277//277 259//259
f  276//276 274//274 272//272 277//277
f  259//259 277//277 278//278 260//260
f  277//277 272//272 273//273 278//278
f  260//260 278//278 279//279 261//261
f  278//278 273//273 266//266 279//279
f  261//261 279//279 280//280 262//262
f  279//279 266//266 269//269 280//280
f  262//262 280//280 281//281 263//263
f  280//280 269//269 268//268 281//281
f  263//263 281//281 282//282 264//264
f  281//281 268//268 271//271 282//282
f  270//270 275//275 282//282 271//271
f  275//275 257//257 264//264 282//282

# Mesh 'support1' with 88 faces
g support1
usemtl M_Bucket
f  283//283 284//284 285//285 286//286
f  286//286 285//285 287//287 288//288
f  289//289 290//290 291//291 292//292
f  292//292 291//291 293//293 294//294
f  295//295 296//296 297//297 298//298
f  298//298 297//297 299//299 289//289
f  300//300 301//301 302//302 303//303
f  303//303 302//302 304//304 305//305
f  306//306 307//307 308//308 309//309
f  309//309 308//308 310//310 311//311
f  312//312 313//313 314//314 315//315
f  315//315 314//314 316//316 310//310
f  299//299 317//317 290//290 289//289
f  311//311 318//318 319//319 320//320
f  318//318 311//311 310//310 316//316
f  312//312 284//284 321//321 313//313
f  321//321 284//284 283//283 322//322
f  288//288 287//287 323//323 324//324
f  287//287 307//307 306//306 323//323
f  325//325 306//306 309//309 326//326
f  326//326 309//309 311//311 320//320
f  307//307 287//287 285//285 327//327
f  327//327 285//285 284//284 312//312
f  298//298 328//328 329//329 295//295
f  329//329 328//328 292//292 294//294
f  292//292 328//328 298//298 289//289
f  330//330 331//331 303//303 305//305
f  303//303 331//331 332//332 300//300
f  332//332 331//331 330//330 333//333
f  327//327 334//334 308//308 307//307
f  308//308 334//334 315//315 310//310
f  315//315 334//334 327//327 312//312
f  283//283 294//294 293//293 322//322
f  294//294 283//283 286//286 329//329
f  329//329 286//286 288//288 295//295
f  324//324 296//296 295//295 288//288
f  333//333 325//325 326//326 332//332
f  332//332 326//326 320//320 300//300
f  319//319 301//301 300//300 320//320
f  324//324 323//323 306//306 325//325
f  333//333 296//296 324//324 325//325
f  297//297 296//296 333//333 330//330
f  299//299 297//297 330//330 305//305
f  305//305 304//304 317//317 299//299
f  335//335 336//336 337//337 338//338
f  336//336 339//339 340//340 337//337
f  341//341 342//342 343//343 344//344
f  342//342 345//345 346//346 343//343
f  347//347 348//348 349//349 350//350
f  348//348 341//341 351//351 349//349
f  352//352 353//353 354//354 355//355
f  353//353 356//356 357//357 354//354
f  358//358 359//359 360//360 361//361
f  359//359 362//362 363//363 360//360
f  364//364 365//365 366//366 367//367
f  365//365 363//363 368//368 366//366
f  351//351 341//341 344//344 369//369
f  362//362 370//370 371//371 372//318
f  372//318 368//368 363//363 362//362
f  364//364 367//367 373//372 338//338
f  373//372 374//373 335//335 338//338
f  339//339 375//374 376//375 340//340
f  340//340 376//375 358//358 361//361
f  377//376 378//377 359//359 358//358
f  378//377 370//370 362//362 359//359
f  361//361 379//378 337//337 340//340
f  379//378 364//364 338//338 337//337
f  348//348 347//347 380//379 381//380
f  380//379 345//345 342//342 381//380
f  342//342 341//341 348//348 381//380
f  382//381 356//356 353//353 383//382
f  353//353 352//352 384//383 383//382
f  384//383 385//384 382//381 383//382
f  379//378 361//361 360//360 386//385
f  360//360 363//363 365//365 386//385
f  365//365 364//364 379//378 386//385
f  335//335 374//373 346//346 345//345
f  345//345 380//379 336//336 335//335
f  380//379 347//347 339//339 336//336
f  375//374 339//339 347//347 350//350
f  385//384 384//383 378//377 377//376
f  384//383 352//352 370//370 378//377
f  371//371 370//370 352//352 355//355
f  375//374 377//376 358//358 376//375
f  385//384 377//376 375//374 350//350
f  349//349 382//381 385//384 350//350
f  351//351 356//356 382//381 349//349
f  356//356 351//351 369//369 357//357

# Mesh 'support2' with 224 faces
g support2
usemtl M_Bucket
f  387//386 388//387 389//388 390//389
f  390//389 389//388 391//390 392//391
f  392//391 391//390 393//392 394//393
f  394//393 393//392 395//394 396//395
f  396//395 395//394 397//396 398//397
f  398//397 397//396 399//398 400//399
f  400//399 399//398 401//400 402//401
f  402//401 401//400 388//387 387//386
f  403//402 404//403 405//404 406//405
f  406//405 405//404 407//406 408//407
f  408//407 407//406 409//408 410//409
f  410//409 409//408 411//410 412//411
f  412//411 411//410 413//412 414//413
f  414//413 413//412 415//414 416//415
f  416//415 415//414 417//416 418//417
f  418//417 417//416 404//403 403//402
f  404//403 419//418 420//419 405//404
f  405//404 420//419 421//420 407//406
f  407//406 421//420 422//421 409//408
f  409//408 422//421 423//422 411//410
f  411//410 423//422 424//423 413//412
f  413//412 424//423 425//424 415//414
f  415//414 425//424 426//425 417//416
f  417//416 426//425 419//418 404//403
f  419//418 427//426 428//427 420//419
f  420//419 428//427 429//428 421//420
f  421//420 429//428 430//429 422//421
f  422//421 430//429 431//430 423//422
f  423//422 431//430 432//431 424//423
f  424//423 432//431 433//432 425//424
f  425//424 433//432 434//433 426//425
f  426//425 434//433 427//426 419//418
f  427//426 435//434 436//435 428//427
f  428//427 436//435 437//436 429//428
f  429//428 437//436 438//437 430//429
f  430//429 438//437 439//438 431//430
f  431//430 439//438 440//439 432//431
f  432//431 440//439 441//440 433//432
f  433//432 441//440 442//441 434//433
f  434//433 442//441 435//434 427//426
f  435//434 443//442 444//443 436//435
f  436//435 444//443 445//444 437//436
f  437//436 445//444 446//445 438//437
f  438//437 446//445 447//446 439//438
f  439//438 447//446 448//447 440//439
f  440//439 448//447 449//448 441//440
f  441//440 449//448 450//449 442//441
f  442//441 450//449 443//442 435//434
f  443//442 451//450 452//451 444//443
f  444//443 452//451 453//452 445//444
f  445//444 453//452 454//453 446//445
f  446//445 454//453 455//454 447//446
f  447//446 455//454 456//455 448//447
f  448//447 456//455 457//456 449//448
f  449//448 457//456 458//457 450//449
f  450//449 458//457 451//450 443//442
f  451//450 459//458 460//459 452//451
f  452//451 460//459 461//460 453//452
f  453//452 461//460 462//461 454//453
f  454//453 462//461 463//462 455//454
f  455//454 463//462 464//463 456//455
f  456//455 464//463 465//464 457//456
f  457//456 465//464 466//465 458//457
f  458//457 466//465 459//458 451//450
f  459//458 467//466 468//467 460//459
f  460//459 468//467 469//468 461//460
f  461//460 469//468 470//469 462//461
f  462//461 470//469 471//470 463//462
f  463//462 471//470 472//471 464//463
f  464//463 472//471 473//472 465//464
f  465//464 473//472 474//473 466//465
f  466//465 474//473 467//466 459//458
f  467//466 475//474 476//475 468//467
f  468//467 476//475 477//476 469//468
f  469//468 477//476 478//477 470//469
f  470//469 478//477 479//478 471//470
f  471//470 479//478 480//479 472//471
f  472//471 480//479 481//480 473//472
f  473//472 481//480 482//481 474//473
f  474//473 482//481 475//474 467//466
f  475//474 483//482 484//483 476//475
f  476//475 484//483 485//484 477//476
f  477//476 485//484 486//485 478//477
f  478//477 486//485 487//486 479//478
f  479//478 487//486 488//487 480//479
f  480//479 488//487 489//488 481//480
f  481//480 489//488 490//489 482//481
f  482//481 490//489 483//482 475//474
f  483//482 491//490 492//491 484//483
f  484//483 492//491 493//492 485//484
f  485//484 493//492 494//493 486//485
f  486//485 494//493 495//494 487//486
f  487//486 495//494 496//495 488//487
f  488//487 496//495 497//496 489//488
f  489//488 497//496 498//497 490//489
f  490//489 498//497 491//490 483//482
f  391//390 408//407 410//409 393//392
f  389//388 406//405 408//407 391//390
f  388//387 403//402 406//405 389//388
f  401//400 418//417 403//402 388//387
f  399//398 416//415 418//417 401//400
f  397//396 414//413 416//415 399//398
f  395//394 412//411 414//413 397//396
f  393//392 410//409 412//411 395//394
f  495//494 499//498 500//499 496//495
f  494//493 501//500 499//498 495//494
f  493//492 502//501 501//500 494//493
f  492//491 503//502 502//501 493//492
f  491//490 504//503 503//502 492//491
f  498//497 505//504 504//503 491//490
f  497//496 506//505 505//504 498//497
f  496//495 500//499 506//505 497//496
f  507//506 508//507 509//508 510//509
f  508//507 511//510 512//511 509//508
f  511//510 513//512 514//513 512//511
f  513//512 515//514 516//515 514//513
f  515//514 517//516 518//517 516//515
f  517//516 519//518 520//519 518//517
f  519//518 521//520 522//521 520//519
f  521//520 507//506 510//509 522//521
f  523//522 524//523 525//524 526//525
f  524//523 527//526 528//527 525//524
f  527//526 529//528 530//529 528//527
f  529//528 531//530 532//531 530//529
f  531//530 533//532 534//533 532//531
f  533//532 535//534 536//535 534//533
f  535//534 537//536 538//537 536//535
f  537//536 523//522 526//525 538//537
f  526//525 525//524 539//538 540//539
f  525//524 528//527 541//540 539//538
f  528//527 530//529 542//541 541//540
f  530//529 532//531 543//542 542//541
f  532//531 534//533 544//543 543//542
f  534//533 536//535 545//544 544//543
f  536//535 538//537 546//545 545//544
f  538//537 526//525 540//539 546//545
f  540//539 539//538 547//546 548//547
f  539//538 541//540 549//548 547//546
f  541//540 542//541 550//549 549//548
f  542//541 543//542 551//550 550//549
f  543//542 544//543 552//551 551//550
f  544//543 545//544 553//552 552//551
f  545//544 546//545 554//553 553//552
f  546//545 540//539 548//547 554//553
f  548//547 547//546 555//554 556//555
f  547//546 549//548 557//556 555//554
f  549//548 550//549 558//557 557//556
f  550//549 551//550 559//558 558//557
f  551//550 552//551 560//559 559//558
f  552//551 553//552 561//560 560//559
f  553//552 554//553 562//561 561//560
f  554//553 548//547 556//555 562//561
f  556//555 555//554 563//562 564//563
f  555//554 557//556 565//564 563//562
f  557//556 558//557 566//565 565//564
f  558//557 559//558 567//566 566//565
f  559//558 560//559 568//567 567//566
f  560//559 561//560 569//568 568//567
f  561//560 562//561 570//569 569//568
f  562//561 556//555 564//563 570//569
f  564//563 563//562 571//570 572//571
f  563//562 565//564 573//572 571//570
f  565//564 566//565 574//573 573//572
f  566//565 567//566 575//574 574//573
f  567//566 568//567 576//575 575//574
f  568//567 569//568 577//576 576//575
f  569//568 570//569 578//577 577//576
f  570//569 564//563 572//571 578//577
f  572//571 571//570 579//578 580//579
f  571//570 573//572 581//580 579//578
f  573//572 574//573 582//581 581//580
f  574//573 575//574 583//582 582//581
f  575//574 576//575 584//583 583//582
f  576//575 577//576 585//584 584//583
f  577//576 578//577 586//585 585//584
f  578//577 572//571 580//579 586//585
f  580//579 579//578 587//586 588//587
f  579//578 581//580 589//588 587//586
f  581//580 582//581 590//589 589//588
f  582//581 583//582 591//590 590//589
f  583//582 584//583 592//591 591//590
f  584//583 585//584 593//592 592//591
f  585//584 586//585 594//593 593//592
f  586//585 580//579 588//587 594//593
f  588//587 587//586 595//594 596//595
f  587//586 589//588 597//596 595//594
f  589//588 590//589 598//597 597//596
f  590//589 591//590 599//598 598//597
f  591//590 592//591 600//599 599//598
f  592//591 593//592 601//600 600//599
f  593//592 594//593 602//601 601//600
f  594//593 588//587 596//595 602//601
f  596//595 595//594 603//602 604//603
f  595//594 597//596 605//604 603//602
f  597//596 598//597 606//605 605//604
f  598//597 599//598 607//606 606//605
f  599//598 600//599 608//607 607//606
f  600//599 601//600 609//608 608//607
f  601//600 602//601 610//609 609//608
f  602//601 596//595 604//603 610//609
f  604//603 603//602 611//610 612//611
f  603//602 605//604 613//612 611//610
f  605//604 606//605 614//613 613//612
f  606//605 607//606 615//614 614//613
f  607//606 608//607 616//615 615//614
f  608//607 609//608 617//616 616//615
f  609//608 610//609 618//617 617//616
f  610//609 604//603 612//611 618//617
f  512//511 514//513 529//528 527//526
f  509//508 512//511 527//526 524//523
f  510//509 509//508 524//523 523//522
f  522//521 510//509 523//522 537//536
f  520//519 522//521 537//536 535//534
f  518//517 520//519 535//534 533//532
f  516//515 518//517 533//532 531//530
f  514//513 516//515 531//530 529//528
f  615//614 616//615 619//618 620//619
f  614//613 615//614 620//619 621//620
f  613//612 614//613 621//620 622//621
f  611//610 613//612 622//621 623//622
f  612//611 611//610 623//622 624//623
f  618//617 612//611 624//623 625//624
f  617//616 618//617 625//624 626//625
f  616//615 617//616 626//625 619//618

# Mesh 'support3' with 64 faces
g support3
usemtl M_Bucket
f  627//626 628//627 629//628 630//629
f  628//627 631//630 632//631 629//628
f  631//630 633//632 634//633 632//631
f  633//632 635//634 636//635 634//633
f  635//634 637//636 638//637 636//635
f  637//636 639//638 640//639 638//637
f  639//638 641//640 642//641 640//639
f  641//640 627//626 630//629 642//641
f  630//629 629//628 643//642 644//643
f  629//628 632//631 645//644 643//642
f  632//631 634//633 646//645 645//644
f  634//633 636//635 647//646 646//645
f  636//635 638//637 648//647 647//646
f  638//637 640//639 649//648 648//647
f  640//639 642//641 650//649 649//648
f  642//641 630//629 644//643 650//649
f  644//643 643//642 651//650 652//651
f  643//642 645//644 653//652 651//650
f  645//644 646//645 654//653 653//652
f  646//645 647//646 655//654 654//653
f  647//646 648//647 656//655 655//654
f  648//647 649//648 657//656 656//655
f  649//648 650//649 658//657 657//656
f  650//649 644//643 652//651 658//657
f  652//651 651//650 659//658
f  651//650 653//652 659//658
f  653//652 654//653 659//658
f  654//653 655//654 659//658
f  655//654 656//655 659//658
f  656//655 657//656 659//658
f  657//656 658//657 659//658
f  658//657 652//651 659//658
f  660//659 661//660 662//661 663//662
f  663//662 662//661 664//663 665//664
f  665//664 664//663 666//665 667//666
f  667//666 666//665 668//667 669//668
f  669//668 668//667 670//669 671//670
f  671//670 670//669 672//671 673//672
f  673//672 672//671 674//673 675//674
f  675//674 674//673 661//660 660//659
f  661//660 676//675 677//676 662//661
f  662//661 677//676 678//677 664//663
f  664//663 678//677 679//678 666//665
f  666//665 679//678 680//679 668//667
f  668//667 680//679 681//680 670//669
f  670//669 681//680 682//681 672//671
f  672//671 682//681 683//682 674//673
f  674//673 683//682 676//675 661//660
f  676//675 684//683 685//684 677//676
f  677//676 685//684 686//685 678//677
f  678//677 686//685 687//686 679//678
f  679//678 687//686 688//687 680//679
f  680//679 688//687 689//688 681//680
f  681//680 689//688 690//689 682//681
f  682//681 690//689 691//690 683//682
f  683//682 691//690 684//683 676//675
f  684//683 692//691 685//684
f  685//684 692//691 686//685
f  686//685 692//691 687//686
f  687//686 692//691 688//687
f  688//687 692//691 689//688
f  689//688 692//691 690//689
f  690//689 692//691 691//690
f  691//690 692//691 684//683

# Mesh 'support4' with 64 faces
g support4
usemtl M_Bucket
f  693//692 694//693 695//694 696//695
f  694//693 697//696 698//697 695//694
f  697//696 699//698 700//699 698//697
f  699//698 701//700 702//701 700//699
f  701//700 703//702 704//703 702//701
f  703//702 705//704 706//705 704//703
f  705//704 707//706 708//707 706//705
f  707//706 693//692 696//695 708//707
f  696//695 695//694 709//708 710//709
f  695//694 698//697 711//710 709//708
f  698//697 700//699 712//711 711//710
f  700//699 702//701 713//712 712//711
f  702//701 704//703 714//713 713//712
f  704//703 706//705 715//714 714//713
f  706//705 708//707 716//715 715//714
f  708//707 696//695 710//709 716//715
f  710//709 709//708 717//716 718//717
f  709//708 711//710 719//718 717//716
f  711//710 712//711 720//719 719//718
f  712//711 713//712 721//720 720//719
f  713//712 714//713 722//721 721//720
f  714//713 715//714 723//722 722//721
f  715//714 716//715 724//723 723//722
f  716//715 710//709 718//717 724//723
f  718//717 717//716 725//724
f  717//716 719//718 725//724
f  719//718 720//719 725//724
f  720//719 721//720 725//724
f  721//720 722//721 725//724
f  722//721 723//722 725//724
f  723//722 724//723 725//724
f  724//723 718//717 725//724
f  726//725 727//726 728//727 729//728
f  729//728 728//727 730//729 731//730
f  731//730 730//729 732//731 733//732
f  733//732 732//731 734//733 735//734
f  735//734 734//733 736//735 737//736
f  737//736 736//735 738//737 739//738
f  739//738 738//737 740//739 741//740
f  741//740 740//739 727//726 726//725
f  727//726 742//741 743//742 728//727
f  728//727 743//742 744//743 730//729
f  730//729 744//743 745//744 732//731
f  732//731 745//744 746//745 734//733
f  734//733 746//745 747//746 736//735
f  736//735 747//746 748//747 738//737
f  738//737 748//747 749//748 740//739
f  740//739 749//748 742//741 727//726
f  742//741 750//749 751//750 743//742
f  743//742 751//750 752//751 744//743
f  744//743 752//751 753//752 745//744
f  745//744 753//752 754//753 746//745
f  746//745 754//753 755//754 747//746
f  747//746 755//754 756//755 748//747
f  748//747 756//755 757//756 749//748
f  749//748 757//756 750//749 742//741
f  750//749 758//757 751//750
f  751//750 758//757 752//751
f  752//751 758//757 753//752
f  753//752 758//757 754//753
f  754//753 758//757 755//754
f  755//754 758//757 756//755
f  756//755 758//757 757//756
f  757//756 758//757 750//749

# Mesh 'support5' with 64 faces
g support5
usemtl M_Bucket
f  759//758 760//759 761//760 762//761
f  760//759 763//762 764//763 761//760
f  763//762 765//764 766//765 764//763
f  765//764 767//766 768//767 766//765
f  767//766 769//768 770//769 768//767
f  769//768 771//770 772//771 770//769
f  771//770 773//772 774//773 772//771
f  773//772 759//758 762//761 774//773
f  762//761 761//760 775//774 776//775
f  761//760 764//763 777//776 775//774
f  764//763 766//765 778//777 777//776
f  766//765 768//767 779//778 778//777
f  768//767 770//769 780//779 779//778
f  770//769 772//771 781//780 780//779
f  772//771 774//773 782//781 781//780
f  774//773 762//761 776//775 782//781
f  776//775 775//774 783//782 784//783
f  775//774 777//776 785//784 783//782
f  777//776 778//777 786//785 785//784
f  778//777 779//778 787//786 786//785
f  779//778 780//779 788//787 787//786
f  780//779 781//780 789//788 788//787
f  781//780 782//781 790//789 789//788
f  782//781 776//775 784//783 790//789
f  784//783 783//782 791//790
f  783//782 785//784 791//790
f  785//784 786//785 791//790
f  786//785 787//786 791//790
f  787//786 788//787 791//790
f  788//787 789//788 791//790
f  789//788 790//789 791//790
f  790//789 784//783 791//790
f  792//791 793//792 794//793 795//794
f  795//794 794//793 796//795 797//796
f  797//796 796//795 798//797 799//798
f  799//798 798//797 800//799 801//800
f  801//800 800//799 802//801 803//802
f  803//802 802//801 804//803 805//804
f  805//804 804//803 806//805 807//806
f  807//806 806//805 793//792 792//791
f  793//792 808//807 809//808 794//793
f  794//793 809//808 810//809 796//795
f  796//795 810//809 811//810 798//797
f  798//797 811//810 812//811 800//799
f  800//799 812//811 813//812 802//801
f  802//801 813//812 814//813 804//803
f  804//803 814//813 815//814 806//805
f  806//805 815//814 808//807 793//792
f  808//807 816//815 817//816 809//808
f  809//808 817//816 818//817 810//809
f  810//809 818//817 819//818 811//810
f  811//810 819//818 820//819 812//811
f  812//811 820//819 821//820 813//812
f  813//812 821//820 822//821 814//813
f  814//813 822//821 823//822 815//814
f  815//814 823//822 816//815 808//807
f  816//815 824//823 817//816
f  817//816 824//823 818//817
f  818//817 824//823 819//818
f  819//818 824//823 820//819
f  820//819 824//823 821//820
f  821//820 824//823 822//821
f  822//821 824//823 823//822
f  823//822 824//823 816//815

# Mesh 'body' with 800 faces
g body
usemtl M_Bucket
f  825//824 826//825 827//826 828//827
f  829//828 830//829 826//825 825//824
f  831//830 832//831 830//829 829//828
f  833//832 834//833 832//831 831//830
f  835//834 836//835 834//833 833//832
f  837//836 838//837 836//835 835//834
f  839//838 840//839 838//837 837//836
f  841//840 842//841 840//839 839//838
f  843//842 844//843 842//841 841//840
f  845//844 846//845 844//843 843//842
f  847//846 848//847 846//845 845//844
f  849//848 850//849 848//847 847//846
f  851//850 852//851 850//849 849//848
f  853//852 854//853 852//851 851//850
f  855//854 856//855 854//853 853//852
f  857//856 858//857 856//855 855//854
f  859//858 860//859 858//857 857//856
f  861//860 862//861 860//859 859//858
f  863//862 864//863 862//861 861//860
f  828//827 827//826 864//863 863//862
f  865//864 866//865 867//866 868//867
f  869//868 870//869 866//865 865//864
f  871//870 872//871 870//869 869//868
f  873//872 874//873 872//871 871//870
f  875//874 876//875 874//873 873//872
f  877//876 878//877 876//875 875//874
f  879//878 880//879 878//877 877//876
f  881//880 882//881 880//879 879//878
f  883//882 884//883 882//881 881//880
f  885//884 886//885 884//883 883//882
f  887//886 888//887 886//885 885//884
f  889//888 890//889 888//887 887//886
f  891//890 892//891 890//889 889//888
f  893//892 894//893 892//891 891//890
f  895//894 896//895 894//893 893//892
f  897//896 898//897 896//895 895//894
f  899//898 900//899 898//897 897//896
f  901//900 902//901 900//899 899//898
f  903//902 904//903 902//901 901//900
f  868//867 867//866 904//903 903//902
f  866//865 905//904 906//905 867//866
f  870//869 907//906 905//904 866//865
f  872//871 908//907 907//906 870//869
f  874//873 909//908 908//907 872//871
f  876//875 910//909 909//908 874//873
f  878//877 911//910 910//909 876//875
f  880//879 912//911 911//910 878//877
f  882//881 913//912 912//911 880//879
f  884//883 914//913 913//912 882//881
f  886//885 915//914 914//913 884//883
f  888//887 916//915 915//914 886//885
f  890//889 917//916 916//915 888//887
f  892//891 918//917 917//916 890//889
f  894//893 919//918 918//917 892//891
f  896//895 920//919 919//918 894//893
f  898//897 921//920 920//919 896//895
f  900//899 922//921 921//920 898//897
f  902//901 923//922 922//921 900//899
f  904//903 924//923 923//922 902//901
f  867//866 906//905 924//923 904//903
f  925//924 865//864 868//867 926//925
f  927//926 869//868 865//864 925//924
f  928//927 871//870 869//868 927//926
f  929//928 873//872 871//870 928//927
f  930//929 875//874 873//872 929//928
f  931//930 877//876 875//874 930//929
f  932//931 879//878 877//876 931//930
f  933//932 881//880 879//878 932//931
f  934//933 883//882 881//880 933//932
f  935//934 885//884 883//882 934//933
f  936//935 887//886 885//884 935//934
f  937//936 889//888 887//886 936//935
f  938//937 891//890 889//888 937//936
f  939//938 893//892 891//890 938//937
f  940//939 895//894 893//892 939//938
f  941//940 897//896 895//894 940//939
f  942//941 899//898 897//896 941//940
f  943//942 901//900 899//898 942//941
f  944//943 903//902 901//900 943//942
f  926//925 868//867 903//902 944//943
f  945//944 946//945 947//946 948//947
f  948//947 949//948 950//949 945//944
f  949//948 951//950 952//951 950//949
f  951//950 953//952 954//953 952//951
f  953//952 955//954 956//955 954//953
f  955//954 957//956 958//957 956//955
f  957//956 959//958 960//959 958//957
f  959//958 961//960 962//961 960//959
f  961//960 963//962 964//963 962//961
f  963//962 965//964 966//965 964//963
f  965//964 967//966 968//967 966//965
f  967//966 969//968 970//969 968//967
f  969//968 971//970 972//971 970//969
f  971//970 973//972 974//973 972//971
f  973//972 975//974 976//975 974//973
f  975//974 977//976 978//977 976//975
f  977//976 979//978 980//979 978//977
f  979//978 981//980 982//981 980//979
f  981//980 983//982 984//983 982//981
f  983//982 947//946 946//945 984//983
f  985//984 986//985 987//986 988//987
f  989//988 990//989 986//985 985//984
f  991//990 992//991 990//989 989//988
f  993//992 994//993 992//991 991//990
f  995//994 996//995 994//993 993//992
f  997//996 998//997 996//995 995//994
f  999//998 1000//999 998//997 997//996
f  1001//1000 1002//1001 1000//999 999//998
f  1003//1002 1004//1003 1002//1001 1001//1000
f  1005//1004 1006//1005 1004//1003 1003//1002
f  1007//1006 1008//1007 1006//1005 1005//1004
f  1009//1008 1010//1009 1008//1007 1007//1006
f  1011//1010 1012//1011 1010//1009 1009//1008
f  1013//1012 1014//1013 1012//1011 1011//1010
f  1015//1014 1016//1015 1014//1013 1013//1012
f  1017//1016 1018//1017 1016//1015 1015//1014
f  1019//1018 1020//1019 1018//1017 1017//1016
f  1021//1020 1022//1021 1020//1019 1019//1018
f  1023//1022 1024//1023 1022//1021 1021//1020
f  988//987 987//986 1024//1023 1023//1022
f  950//949 825//824 828//827 945//944
f  952//951 829//828 825//824 950//949
f  954//953 831//830 829//828 952//951
f  956//955 833//832 831//830 954//953
f  958//957 835//834 833//832 956//955
f  960//959 837//836 835//834 958//957
f  962//961 839//838 837//836 960//959
f  964//963 841//840 839//838 962//961
f  966//965 843//842 841//840 964//963
f  968//967 845//844 843//842 966//965
f  970//969 847//846 845//844 968//967
f  972//971 849//848 847//846 970//969
f  974//973 851//850 849//848 972//971
f  976//975 853//852 851//850 974//973
f  978//977 855//854 853//852 976//975
f  980//979 857//856 855//854 978//977
f  982//981 859//858 857//856 980//979
f  984//983 861//860 859//858 982//981
f  946//945 863//862 861//860 984//983
f  945//944 828//827 863//862 946//945
f  1025//1024 988//987 1023//1022 1026//1025
f  1026//1025 1023//1022 1021//1020 1027//1026
f  1027//1026 1021//1020 1019//1018 1028//1027
f  1028//1027 1019//1018 1017//1016 1029//1028
f  1029//1028 1017//1016 1015//1014 1030//1029
f  1030//1029 1015//1014 1013//1012 1031//1030
f  1031//1030 1013//1012 1011//1010 1032//1031
f  1032//1031 1011//1010 1009//1008 1033//1032
f  1033//1032 1009//1008 1007//1006 1034//1033
f  1034//1033 1007//1006 1005//1004 1035//1034
f  1035//1034 1005//1004 1003//1002 1036//1035
f  1036//1035 1003//1002 1001//1000 1037//1036
f  1037//1036 1001//1000 999//998 1038//1037
f  1038//1037 999//998 997//996 1039//1038
f  1039//1038 997//996 995//994 1040//1039
f  1040//1039 995//994 993//992 1041//1040
f  1041//1040 993//992 991//990 1042//1041
f  1042//1041 991//990 989//988 1043//1042
f  1043//1042 989//988 985//984 1044//1043
f  1044//1043 985//984 988//987 1025//1024
f  1045//1044 1046//1045 1047//1046
f  1048//1047 1046//1045 1045//1044
f  1049//1048 1046//1045 1048//1047
f  1050//1049 1046//1045 1049//1048
f  1051//1050 1046//1045 1050//1049
f  1052//1051 1046//1045 1051//1050
f  1053//1052 1046//1045 1052//1051
f  1054//1053 1046//1045 1053//1052
f  1055//1054 1046//1045 1054//1053
f  1056//1055 1046//1045 1055//1054
f  1057//1056 1046//1045 1056//1055
f  1058//1057 1046//1045 1057//1056
f  1059//1058 1046//1045 1058//1057
f  1060//1059 1046//1045 1059//1058
f  1061//1060 1046//1045 1060//1059
f  1062//1061 1046//1045 1061//1060
f  1063//1062 1046//1045 1062//1061
f  1064//1063 1046//1045 1063//1062
f  1065//1064 1046//1045 1064//1063
f  1047//1046 1046//1045 1065//1064
f  1025//1024 1026//1025 1066//1065 1067//1066
f  1067//1066 1066//1065 1045//1044 1047//1046
f  1026//1025 1027//1026 1068//1067 1066//1065
f  1066//1065 1068//1067 1048//1047 1045//1044
f  1027//1026 1028//1027 1069//1068 1068//1067
f  1068//1067 1069//1068 1049//1048 1048//1047
f  1028//1027 1029//1028 1070//1069 1069//1068
f  1069//1068 1070//1069 1050//1049 1049//1048
f  1029//1028 1030//1029 1071//1070 1070//1069
f  1070//1069 1071//1070 1051//1050 1050//1049
f  1030//1029 1031//1030 1072//1071 1071//1070
f  1071//1070 1072//1071 1052//1051 1051//1050
f  1031//1030 1032//1031 1073//1072 1072//1071
f  1072//1071 1073//1072 1053//1052 1052//1051
f  1032//1031 1033//1032 1074//1073 1073//1072
f  1073//1072 1074//1073 1054//1053 1053//1052
f  1033//1032 1034//1033 1075//1074 1074//1073
f  1074//1073 1075//1074 1055//1054 1054//1053
f  1034//1033 1035//1034 1076//1075 1075//1074
f  1075//1074 1076//1075 1056//1055 1055//1054
f  1035//1034 1036//1035 1077//1076 1076//1075
f  1076//1075 1077//1076 1057//1056 1056//1055
f  1036//1035 1037//1036 1078//1077 1077//1076
f  1077//1076 1078//1077 1058//1057 1057//1056
f  1037//1036 1038//1037 1079//1078 1078//1077
f  1078//1077 1079//1078 1059//1058 1058//1057
f  1038//1037 1039//1038 1080//1079 1079//1078
f  1079//1078 1080//1079 1060//1059 1059//1058
f  1039//1038 1040//1039 1081//1080 1080//1079
f  1080//1079 1081//1080 1061//1060 1060//1059
f  1040//1039 1041//1040 1082//1081 1081//1080
f  1081//1080 1082//1081 1062//1061 1061//1060
f  1041//1040 1042//1041 1083//1082 1082//1081
f  1082//1081 1083//1082 1063//1062 1062//1061
f  1042//1041 1043//1042 1084//1083 1083//1082
f  1083//1082 1084//1083 1064//1063 1063//1062
f  1043//1042 1044//1043 1085//1084 1084//1083
f  1084//1083 1085//1084 1065//1064 1064//1063
f  1047//1046 1065//1064 1085//1084 1067//1066
f  1067//1066 1085//1084 1044//1043 1025//1024
f  1086//1085 1087//1086 1088//1087 1089//1088
f  1090//1089 1086//1085 1089//1088 1091//1090
f  1092//1091 1090//1089 1091//1090 1093//1092
f  1094//1093 1092//1091 1093//1092 1095//1094
f  1096//1095 1094//1093 1095//1094 1097//1096
f  1098//1097 1096//1095 1097//1096 1099//1098
f  1100//1099 1098//1097 1099//1098 1101//1100
f  1102//1101 1100//1099 1101//1100 1103//1102
f  1104//1103 1102//1101 1103//1102 1105//1104
f  1106//1105 1104//1103 1105//1104 1107//1106
f  1108//1107 1106//1105 1107//1106 1109//1108
f  1110//1109 1108//1107 1109//1108 1111//1110
f  1112//1111 1110//1109 1111//1110 1113//1112
f  1114//1113 1112//1111 1113//1112 1115//1114
f  1116//1115 1114//1113 1115//1114 1117//1116
f  1118//1117 1116//1115 1117//1116 1119//1118
f  1120//1119 1118//1117 1119//1118 1121//1120
f  1122//1121 1120//1119 1121//1120 1123//1122
f  1124//1123 1122//1121 1123//1122 1125//1124
f  1087//1086 1124//1123 1125//1124 1088//1087
f  1126//1125 1127//1126 1128//1127 1129//1128
f  1130//1129 1126//1125 1129//1128 1131//1130
f  1132//1131 1130//1129 1131//1130 1133//1132
f  1134//1133 1132//1131 1133//1132 1135//1134
f  1136//1135 1134//1133 1135//1134 1137//1136
f  1138//1137 1136//1135 1137//1136 1139//1138
f  1140//1139 1138//1137 1139//1138 1141//1140
f  1142//1141 1140//1139 1141//1140 1143//1142
f  1144//1143 1142//1141 1143//1142 1145//1144
f  1146//1145 1144//1143 1145//1144 1147//1146
f  1148//1147 1146//1145 1147//1146 1149//1148
f  1150//1149 1148//1147 1149//1148 1151//1150
f  1152//1151 1150//1149 1151//1150 1153//1152
f  1154//1153 1152//1151 1153//1152 1155//1154
f  1156//1155 1154//1153 1155//1154 1157//1156
f  1158//1157 1156//1155 1157//1156 1159//1158
f  1160//1159 1158//1157 1159//1158 1161//1160
f  1162//1161 1160//1159 1161//1160 1163//1162
f  1164//1163 1162//1161 1163//1162 1165//1164
f  1127//1126 1164//1163 1165//1164 1128//1127
f  1129//1128 1128//1127 1166//1165 1167//1166
f  1131//1130 1129//1128 1167//1166 1168//1167
f  1133//1132 1131//1130 1168//1167 1169//1168
f  1135//1134 1133//1132 1169//1168 1170//1169
f  1137//1136 1135//1134 1170//1169 1171//1170
f  1139//1138 1137//1136 1171//1170 1172//1171
f  1141//1140 1139//1138 1172//1171 1173//1172
f  1143//1142 1141//1140 1173//1172 1174//1173
f  1145//1144 1143//1142 1174//1173 1175//1174
f  1147//1146 1145//1144 1175//1174 1176//1175
f  1149//1148 1147//1146 1176//1175 1177//1176
f  1151//1150 1149//1148 1177//1176 1178//1177
f  1153//1152 1151//1150 1178//1177 1179//1178
f  1155//1154 1153//1152 1179//1178 1180//1179
f  1157//1156 1155//1154 1180//1179 1181//1180
f  1159//1158 1157//1156 1181//1180 1182//1181
f  1161//1160 1159//1158 1182//1181 1183//1182
f  1163//1162 1161//1160 1183//1182 1184//1183
f  1165//1164 1163//1162 1184//1183 1185//1184
f  1128//1127 1165//1164 1185//1184 1166//1165
f  1186//1185 1187//1186 1127//1126 1126//1125
f  1188//1187 1186//1185 1126//1125 1130//1129
f  1189//1188 1188//1187 1130//1129 1132//1131
f  1190//1189 1189//1188 1132//1131 1134//1133
f  1191//1190 1190//1189 1134//1133 1136//1135
f  1192//1191 1191//1190 1136//1135 1138//1137
f  1193//1192 1192//1191 1138//1137 1140//1139
f  1194//1193 1193//1192 1140//1139 1142//1141
f  1195//1194 1194//1193 1142//1141 1144//1143
f  1196//1195 1195//1194 1144//1143 1146//1145
f  1197//1196 1196//1195 1146//1145 1148//1147
f  1198//1197 1197//1196 1148//1147 1150//1149
f  1199//1198 1198//1197 1150//1149 1152//1151
f  1200//1199 1199//1198 1152//1151 1154//1153
f  1201//1200 1200//1199 1154//1153 1156//1155
f  1202//1201 1201//1200 1156//1155 1158//1157
f  1203//1202 1202//1201 1158//1157 1160//1159
f  1204//1203 1203//1202 1160//1159 1162//1161
f  1205//1204 1204//1203 1162//1161 1164//1163
f  1187//1186 1205//1204 1164//1163 1127//1126
f  1206//1205 1207//1206 1208//1207 1209//1208
f  1210//1209 1207//1206 1206//1205 1211//1210
f  1212//1211 1210//1209 1211//1210 1213//1212
f  1214//1213 1212//1211 1213//1212 1215//1214
f  1216//1215 1214//1213 1215//1214 1217//1216
f  1218//1217 1216//1215 1217//1216 1219//1218
f  1220//1219 1218//1217 1219//1218 1221//1220
f  1222//1221 1220//1219 1221//1220 1223//1222
f  1224//1223 1222//1221 1223//1222 1225//1224
f  1226//1225 1224//1223 1225//1224 1227//1226
f  1228//1227 1226//1225 1227//1226 1229//1228
f  1230//1229 1228//1227 1229//1228 1231//1230
f  1232//1231 1230//1229 1231//1230 1233//1232
f  1234//1233 1232//1231 1233//1232 1235//1234
f  1236//1235 1234//1233 1235//1234 1237//1236
f  1238//1237 1236//1235 1237//1236 1239//1238
f  1240//1239 1238//1237 1239//1238 1241//1240
f  1242//1241 1240//1239 1241//1240 1243//1242
f  1244//1243 1242//1241 1243//1242 1245//1244
f  1208//1207 1244//1243 1245//1244 1209//1208
f  1246//1245 1247//1246 1248//1247 1249//1248
f  1250//1249 1246//1245 1249//1248 1251//1250
f  1252//1251 1250//1249 1251//1250 1253//1252
f  1254//1253 1252//1251 1253//1252 1255//1254
f  1256//1255 1254//1253 1255//1254 1257//1256
f  1258//1257 1256//1255 1257//1256 1259//1258
f  1260//1259 1258//1257 1259//1258 1261//1260
f  1262//1261 1260//1259 1261//1260 1263//1262
f  1264//1263 1262//1261 1263//1262 1265//1264
f  1266//1265 1264//1263 1265//1264 1267//1266
f  1268//1267 1266//1265 1267//1266 1269//1268
f  1270//1269 1268//1267 1269//1268 1271//1270
f  1272//1271 1270//1269 1271//1270 1273//1272
f  1274//1273 1272//1271 1273//1272 1275//1274
f  1276//1275 1274//1273 1275//1274 1277//1276
f  1278//1277 1276//1275 1277//1276 1279//1278
f  1280//1279 1278//1277 1279//1278 1281//1280
f  1282//1281 1280//1279 1281//1280 1283//1282
f  1284//1283 1282//1281 1283//1282 1285//1284
f  1247//1246 1284//1283 1285//1284 1248//1247
f  1211//1210 1206//1205 1286//1285 1287//1286
f  1213//1212 1211//1210 1287//1286 1288//1287
f  1215//1214 1213//1212 1288//1287 1289//1288
f  1217//1216 1215//1214 1289//1288 1290//1289
f  1219//1218 1217//1216 1290//1289 1291//1290
f  1221//1220 1219//1218 1291//1290 1292//1291
f  1223//1222 1221//1220 1292//1291 1293//1292
f  1225//1224 1223//1222 1293//1292 1294//1293
f  1227//1226 1225//1224 1294//1293 1295//1294
f  1229//1228 1227//1226 1295//1294 1296//1295
f  1231//1230 1229//1228 1296//1295 1297//1296
f  1233//1232 1231//1230 1297//1296 1298//1297
f  1235//1234 1233//1232 1298//1297 1299//1298
f  1237//1236 1235//1234 1299//1298 1300//1299
f  1239//1238 1237//1236 1300//1299 1301//1300
f  1241//1240 1239//1238 1301//1300 1302//1301
f  1243//1242 1241//1240 1302//1301 1303//1302
f  1245//1244 1243//1242 1303//1302 1304//1303
f  1209//1208 1245//1244 1304//1303 1305//1304
f  1206//1205 1209//1208 1305//1304 1286//1285
f  1306//1305 1307//1306 1284//1283 1247//1246
f  1307//1306 1308//1307 1282//1281 1284//1283
f  1308//1307 1309//1308 1280//1279 1282//1281
f  1309//1308 1310//1309 1278//1277 1280//1279
f  1310//1309 1311//1310 1276//1275 1278//1277
f  1311//1310 1312//1311 1274//1273 1276//1275
f  1312//1311 1313//1312 1272//1271 1274//1273
f  1313//1312 1314//1313 1270//1269 1272//1271
f  1314//1313 1315//1314 1268//1267 1270//1269
f  1315//1314 1316//1315 1266//1265 1268//1267
f  1316//1315 1317//1316 1264//1263 1266//1265
f  1317//1316 1318//1317 1262//1261 1264//1263
f  1318//1317 1319//1318 1260//1259 1262//1261
f  1319//1318 1320//1319 1258//1257 1260//1259
f  1320//1319 1321//1320 1256//1255 1258//1257
f  1321//1320 1322//1321 1254//1253 1256//1255
f  1322//1321 1323//1322 1252//1251 1254//1253
f  1323//1322 1324//1323 1250//1249 1252//1251
f  1324//1323 1325//1324 1246//1245 1250//1249
f  1325//1324 1306//1305 1247//1246 1246//1245
f  1306//1305 1326//1325 1327//1326 1307//1306
f  1326//1325 1328//1327 1329//1328 1327//1326
f  1307//1306 1327//1326 1330//1329 1308//1307
f  1327//1326 1329//1328 1331//1330 1330//1329
f  1308//1307 1330//1329 1332//1331 1309//1308
f  1330//1329 1331//1330 1333//1332 1332//1331
f  1309//1308 1332//1331 1334//1333 1310//1309
f  1332//1331 1333//1332 1335//1334 1334//1333
f  1310//1309 1334//1333 1336//1335 1311//1310
f  1334//1333 1335//1334 1337//1336 1336//1335
f  1311//1310 1336//1335 1338//1337 1312//1311
f  1336//1335 1337//1336 1339//1338 1338//1337
f  1312//1311 1338//1337 1340//1339 1313//1312
f  1338//1337 1339//1338 1341//1340 1340//1339
f  1313//1312 1340//1339 1342//1341 1314//1313
f  1340//1339 1341//1340 1343//1342 1342//1341
f  1314//1313 1342//1341 1344//1343 1315//1314
f  1342//1341 1343//1342 1345//1344 1344//1343
f  1315//1314 1344//1343 1346//1345 1316//1315
f  1344//1343 1345//1344 1347//1346 1346//1345
f  1316//1315 1346//1345 1348//1347 1317//1316
f  1346//1345 1347//1346 1349//1348 1348//1347
f  1317//1316 1348//1347 1350//1349 1318//1317
f  1348//1347 1349//1348 1351//1350 1350//1349
f  1318//1317 1350//1349 1352//1351 1319//1318
f  1350//1349 1351//1350 1353//1352 1352//1351
f  1319//1318 1352//1351 1354//1353 1320//1319
f  1352//1351 1353//1352 1355//1354 1354//1353
f  1320//1319 1354//1353 1356//1355 1321//1320
f  1354//1353 1355//1354 1357//1356 1356//1355
f  1321//1320 1356//1355 1358//1357 1322//1321
f  1356//1355 1357//1356 1359//1358 1358//1357
f  1322//1321 1358//1357 1360//1359 1323//1322
f  1358//1357 1359//1358 1361//1360 1360//1359
f  1323//1322 1360//1359 1362//1361 1324//1323
f  1360//1359 1361//1360 1363//1362 1362//1361
f  1324//1323 1362//1361 1364//1363 1325//1324
f  1362//1361 1363//1362 1365//1364 1364//1363
f  1328//1327 1326//1325 1364//1363 1365//1364
f  1326//1325 1306//1305 1325//1324 1364//1363
f  1366//1365 1367//1366 1368//1367 1369//1368
f  1370//1369 1366//1365 1369//1368 1371//1370
f  1372//1371 1370//1369 1371//1370 1373//1372
f  1374//1373 1372//1371 1373//1372 1375//1374
f  1376//1375 1374//1373 1375//1374 1377//1376
f  1378//1377 1376//1375 1377//1376 1379//1378
f  1380//1379 1378//1377 1379//1378 1381//1380
f  1382//1381 1380//1379 1381//1380 1383//1382
f  1384//1383 1382//1381 1383//1382 1385//1384
f  1386//1385 1384//1383 1385//1384 1387//1386
f  1388//1387 1386//1385 1387//1386 1389//1388
f  1390//1389 1388//1387 1389//1388 1391//1390
f  1392//1391 1390//1389 1391//1390 1393//1392
f  1394//1393 1392//1391 1393//1392 1395//1394
f  1396//1395 1394//1393 1395//1394 1397//1396
f  1398//1397 1396//1395 1397//1396 1399//1398
f  1400//1399 1398//1397 1399//1398 1401//1400
f  1402//1401 1400//1399 1401//1400 1403//1402
f  1404//1403 1402//1401 1403//1402 1405//1404
f  1367//1366 1404//1403 1405//1404 1368//1367
f  1369//1368 1368//1367 1406//1405 1407//1406
f  1371//1370 1369//1368 1407//1406 1408//1407
f  1373//1372 1371//1370 1408//1407 1409//1408
f  1375//1374 1373//1372 1409//1408 1410//1409
f  1377//1376 1375//1374 1410//1409 1411//1410
f  1379//1378 1377//1376 1411//1410 1412//1411
f  1381//1380 1379//1378 1412//1411 1413//1412
f  1383//1382 1381//1380 1413//1412 1414//1413
f  1385//1384 1383//1382 1414//1413 1415//1414
f  1387//1386 1385//1384 1415//1414 1416//1415
f  1389//1388 1387//1386 1416//1415 1417//1416
f  1391//1390 1389//1388 1417//1416 1418//1417
f  1393//1392 1391//1390 1418//1417 1419//1418
f  1395//1394 1393//1392 1419//1418 1420//1419
f  1397//1396 1395//1394 1420//1419 1421//1420
f  1399//1398 1397//1396 1421//1420 1422//1421
f  1401//1400 1399//1398 1422//1421 1423//1422
f  1403//1402 1401//1400 1423//1422 1424//1423
f  1405//1404 1403//1402 1424//1423 1425//1424
f  1368//1367 1405//1404 1425//1424 1406//1405
f  1407//1406 1406//1405 1426//1425 1427//1426
f  1408//1407 1407//1406 1427//1426 1428//1427
f  1409//1408 1408//1407 1428//1427 1429//1428
f  1410//1409 1409//1408 1429//1428 1430//1429
f  1411//1410 1410//1409 1430//1429 1431//1430
f  1412//1411 1411//1410 1431//1430 1432//1431
f  1413//1412 1412//1411 1432//1431 1433//1432
f  1414//1413 1413//1412 1433//1432 1434//1433
f  1415//1414 1414//1413 1434//1433 1435//1434
f  1416//1415 1415//1414 1435//1434 1436//1435
f  1417//1416 1416//1415 1436//1435 1437//1436
f  1418//1417 1417//1416 1437//1436 1438//1437
f  1419//1418 1418//1417 1438//1437 1439//1438
f  1420//1419 1419//1418 1439//1438 1440//1439
f  1421//1420 1420//1419 1440//1439 1441//1440
f  1422//1421 1421//1420 1441//1440 1442//1441
f  1423//1422 1422//1421 1442//1441 1443//1442
f  1424//1423 1423//1422 1443//1442 1444//1443
f  1425//1424 1424//1423 1444//1443 1445//1444
f  1406//1405 1425//1424 1445//1444 1426//1425
f  1427//1426 1426//1425 1446//1445 1447//1446
f  1428//1427 1427//1426 1447//1446 1448//1447
f  1429//1428 1428//1427 1448//1447 1449//1448
f  1430//1429 1429//1428 1449//1448 1450//1449
f  1431//1430 1430//1429 1450//1449 1451//1450
f  1432//1431 1431//1430 1451//1450 1452//1451
f  1433//1432 1432//1431 1452//1451 1453//1452
f  1434//1433 1433//1432 1453//1452 1454//1453
f  1435//1434 1434//1433 1454//1453 1455//1454
f  1436//1435 1435//1434 1455//1454 1456//1455
f  1437//1436 1436//1435 1456//1455 1457//1456
f  1438//1437 1437//1436 1457//1456 1458//1457
f  1439//1438 1438//1437 1458//1457 1459//1458
f  1440//1439 1439//1438 1459//1458 1460//1459
f  1441//1440 1440//1439 1460//1459 1461//1460
f  1442//1441 1441//1440 1461//1460 1462//1461
f  1443//1442 1442//1441 1462//1461 1463//1462
f  1444//1443 1443//1442 1463//1462 1464//1463
f  1445//1444 1444//1443 1464//1463 1465//1464
f  1426//1425 1445//1444 1465//1464 1446//1445
f  1447//1446 1446//1445 1466//1465 1467//1466
f  1448//1447 1447//1446 1467//1466 1468//1467
f  1449//1448 1448//1447 1468//1467 1469//1468
f  1450//1449 1449//1448 1469//1468 1470//1469
f  1451//1450 1450//1449 1470//1469 1471//1470
f  1452//1451 1451//1450 1471//1470 1472//1471
f  1453//1452 1452//1451 1472//1471 1473//1472
f  1454//1453 1453//1452 1473//1472 1474//1473
f  1455//1454 1454//1453 1474//1473 1475//1474
f  1456//1455 1455//1454 1475//1474 1476//1475
f  1457//1456 1456//1455 1476//1475 1477//1476
f  1458//1457 1457//1456 1477//1476 1478//1477
f  1459//1458 1458//1457 1478//1477 1479//1478
f  1460//1459 1459//1458 1479//1478 1480//1479
f  1461//1460 1460//1459 1480//1479 1481//1480
f  1462//1461 1461//1460 1481//1480 1482//1481
f  1463//1462 1462//1461 1482//1481 1483//1482
f  1464//1463 1463//1462 1483//1482 1484//1483
f  1465//1464 1464//1463 1484//1483 1485//1484
f  1446//1445 1465//1464 1485//1484 1466//1465
f  1185//1184 1184//1183 1468//1467 1467//1466
f  1184//1183 1183//1182 1469//1468 1468//1467
f  1183//1182 1182//1181 1470//1469 1469//1468
f  1182//1181 1181//1180 1471//1470 1470//1469
f  1181//1180 1180//1179 1472//1471 1471//1470
f  1180//1179 1179//1178 1473//1472 1472//1471
f  1179//1178 1178//1177 1474//1473 1473//1472
f  1178//1177 1177//1176 1475//1474 1474//1473
f  1177//1176 1176//1175 1476//1475 1475//1474
f  1176//1175 1175//1174 1477//1476 1476//1475
f  1175//1174 1174//1173 1478//1477 1477//1476
f  1174//1173 1173//1172 1479//1478 1478//1477
f  1173//1172 1172//1171 1480//1479 1479//1478
f  1172//1171 1171//1170 1481//1480 1480//1479
f  1171//1170 1170//1169 1482//1481 1481//1480
f  1170//1169 1169//1168 1483//1482 1482//1481
f  1169//1168 1168//1167 1484//1483 1483//1482
f  1168//1167 1167//1166 1485//1484 1484//1483
f  1167//1166 1166//1165 1466//1465 1485//1484
f  1166//1165 1185//1184 1467//1466 1466//1465
f  1486//1485 1487//1486 1367//1366 1366//1365
f  1487//1486 1488//1487 1404//1403 1367//1366
f  1488//1487 1489//1488 1402//1401 1404//1403
f  1489//1488 1490//1489 1400//1399 1402//1401
f  1490//1489 1491//1490 1398//1397 1400//1399
f  1491//1490 1492//1491 1396//1395 1398//1397
f  1492//1491 1493//1492 1394//1393 1396//1395
f  1493//1492 1494//1493 1392//1391 1394//1393
f  1494//1493 1495//1494 1390//1389 1392//1391
f  1495//1494 1496//1495 1388//1387 1390//1389
f  1496//1495 1497//1496 1386//1385 1388//1387
f  1497//1496 1498//1497 1384//1383 1386//1385
f  1498//1497 1499//1498 1382//1381 1384//1383
f  1499//1498 1500//1499 1380//1379 1382//1381
f  1500//1499 1501//1500 1378//1377 1380//1379
f  1501//1500 1502//1501 1376//1375 1378//1377
f  1502//1501 1503//1502 1374//1373 1376//1375
f  1503//1502 1504//1503 1372//1371 1374//1373
f  1504//1503 1505//1504 1370//1369 1372//1371
f  1505//1504 1486//1485 1366//1365 1370//1369
f  1506//1505 1507//1506 1187//1186 1186//1185
f  1508//1507 1506//1505 1186//1185 1188//1187
f  1509//1508 1508//1507 1188//1187 1189//1188
f  1510//1509 1509//1508 1189//1188 1190//1189
f  1511//1510 1510//1509 1190//1189 1191//1190
f  1512//1511 1511//1510 1191//1190 1192//1191
f  1513//1512 1512//1511 1192//1191 1193//1192
f  1514//1513 1513//1512 1193//1192 1194//1193
f  1515//1514 1514//1513 1194//1193 1195//1194
f  1516//1515 1515//1514 1195//1194 1196//1195
f  1517//1516 1516//1515 1196//1195 1197//1196
f  1518//1517 1517//1516 1197//1196 1198//1197
f  1519//1518 1518//1517 1198//1197 1199//1198
f  1520//1519 1519//1518 1199//1198 1200//1199
f  1521//1520 1520//1519 1200//1199 1201//1200
f  1522//1521 1521//1520 1201//1200 1202//1201
f  1523//1522 1522//1521 1202//1201 1203//1202
f  1524//1523 1523//1522 1203//1202 1204//1203
f  1525//1524 1524//1523 1204//1203 1205//1204
f  1507//1506 1525//1524 1205//1204 1187//1186
f  1249//1248 1248//1247 1526//1525 1527//1526
f  1251//1250 1249//1248 1527//1526 1528//1527
f  1253//1252 1251//1250 1528//1527 1529//1528
f  1255//1254 1253//1252 1529//1528 1530//1529
f  1257//1256 1255//1254 1530//1529 1531//1530
f  1259//1258 1257//1256 1531//1530 1532//1531
f  1261//1260 1259//1258 1532//1531 1533//1532
f  1263//1262 1261//1260 1533//1532 1534//1533
f  1265//1264 1263//1262 1534//1533 1535//1534
f  1267//1266 1265//1264 1535//1534 1536//1535
f  1269//1268 1267//1266 1536//1535 1537//1536
f  1271//1270 1269//1268 1537//1536 1538//1537
f  1273//1272 1271//1270 1538//1537 1539//1538
f  1275//1274 1273//1272 1539//1538 1540//1539
f  1277//1276 1275//1274 1540//1539 1541//1540
f  1279//1278 1277//1276 1541//1540 1542//1541
f  1281//1280 1279//1278 1542//1541 1543//1542
f  1283//1282 1281//1280 1543//1542 1544//1543
f  1285//1284 1283//1282 1544//1543 1545//1544
f  1248//1247 1285//1284 1545//1544 1526//1525
f  1089//1088 1088//1087 1507//1506 1506//1505
f  1091//1090 1089//1088 1506//1505 1508//1507
f  1093//1092 1091//1090 1508//1507 1509//1508
f  1095//1094 1093//1092 1509//1508 1510//1509
f  1097//1096 1095//1094 1510//1509 1511//1510
f  1099//1098 1097//1096 1511//1510 1512//1511
f  1101//1100 1099//1098 1512//1511 1513//1512
f  1103//1102 1101//1100 1513//1512 1514//1513
f  1105//1104 1103//1102 1514//1513 1515//1514
f  1107//1106 1105//1104 1515//1514 1516//1515
f  1109//1108 1107//1106 1516//1515 1517//1516
f  1111//1110 1109//1108 1517//1516 1518//1517
f  1113//1112 1111//1110 1518//1517 1519//1518
f  1115//1114 1113//1112 1519//1518 1520//1519
f  1117//1116 1115//1114 1520//1519 1521//1520
f  1119//1118 1117//1116 1521//1520 1522//1521
f  1121//1120 1119//1118 1522//1521 1523//1522
f  1123//1122 1121//1120 1523//1522 1524//1523
f  1125//1124 1123//1122 1524//1523 1525//1524
f  1088//1087 1125//1124 1525//1524 1507//1506
f  924//923 906//905 1487//1486 1486//1485
f  923//922 924//923 1486//1485 1505//1504
f  922//921 923//922 1505//1504 1504//1503
f  921//920 922//921 1504//1503 1503//1502
f  920//919 921//920 1503//1502 1502//1501
f  919//918 920//919 1502//1501 1501//1500
f  918//917 919//918 1501//1500 1500//1499
f  917//916 918//917 1500//1499 1499//1498
f  916//915 917//916 1499//1498 1498//1497
f  915//914 916//915 1498//1497 1497//1496
f  914//913 915//914 1497//1496 1496//1495
f  913//912 914//913 1496//1495 1495//1494
f  912//911 913//912 1495//1494 1494//1493
f  911//910 912//911 1494//1493 1493//1492
f  910//909 911//910 1493//1492 1492//1491
f  909//908 910//909 1492//1491 1491//1490
f  908//907 909//908 1491//1490 1490//1489
f  907//906 908//907 1490//1489 1489//1488
f  905//904 907//906 1489//1488 1488//1487
f  906//905 905//904 1488//1487 1487//1486
f  1287//1286 1286//1285 1087//1086 1086//1085
f  1288//1287 1287//1286 1086//1085 1090//1089
f  1289//1288 1288//1287 1090//1089 1092//1091
f  1290//1289 1289//1288 1092//1091 1094//1093
f  1291//1290 1290//1289 1094//1093 1096//1095
f  1292//1291 1291//1290 1096//1095 1098//1097
f  1293//1292 1292//1291 1098//1097 1100//1099
f  1294//1293 1293//1292 1100//1099 1102//1101
f  1295//1294 1294//1293 1102//1101 1104//1103
f  1296//1295 1295//1294 1104//1103 1106//1105
f  1297//1296 1296//1295 1106//1105 1108//1107
f  1298//1297 1297//1296 1108//1107 1110//1109
f  1299//1298 1298//1297 1110//1109 1112//1111
f  1300//1299 1299//1298 1112//1111 1114//1113
f  1301//1300 1300//1299 1114//1113 1116//1115
f  1302//1301 1301//1300 1116//1115 1118//1117
f  1303//1302 1302//1301 1118//1117 1120//1119
f  1304//1303 1303//1302 1120//1119 1122//1121
f  1305//1304 1304//1303 1122//1121 1124//1123
f  1286//1285 1305//1304 1124//1123 1087//1086
f  1208//1207 1207//1206 1526//1525 1545//1544
f  1544//1543 1244//1243 1208//1207 1545//1544
f  1543//1542 1242//1241 1244//1243 1544//1543
f  1542//1541 1240//1239 1242//1241 1543//1542
f  1541//1540 1238//1237 1240//1239 1542//1541
f  1540//1539 1236//1235 1238//1237 1541//1540
f  1539//1538 1234//1233 1236//1235 1540//1539
f  1538//1537 1232//1231 1234//1233 1539//1538
f  1537//1536 1230//1229 1232//1231 1538//1537
f  1536//1535 1228//1227 1230//1229 1537//1536
f  1535//1534 1226//1225 1228//1227 1536//1535
f  1534//1533 1224//1223 1226//1225 1535//1534
f  1533//1532 1222//1221 1224//1223 1534//1533
f  1532//1531 1220//1219 1222//1221 1533//1532
f  1531//1530 1218//1217 1220//1219 1532//1531
f  1530//1529 1216//1215 1218//1217 1531//1530
f  1529//1528 1214//1213 1216//1215 1530//1529
f  1528//1527 1212//1211 1214//1213 1529//1528
f  1527//1526 1210//1209 1212//1211 1528//1527
f  1526//1525 1207//1206 1210//1209 1527//1526
f  1024//1023 987//986 948//947 947//946
f  1022//1021 1024//1023 947//946 983//982
f  1020//1019 1022//1021 983//982 981//980
f  1018//1017 1020//1019 981//980 979//978
f  1016//1015 1018//1017 979//978 977//976
f  1014//1013 1016//1015 977//976 975//974
f  1012//1011 1014//1013 975//974 973//972
f  1010//1009 1012//1011 973//972 971//970
f  1008//1007 1010//1009 971//970 969//968
f  1006//1005 1008//1007 969//968 967//966
f  1004//1003 1006//1005 967//966 965//964
f  1002//1001 1004//1003 965//964 963//962
f  1000//999 1002//1001 963//962 961//960
f  998//997 1000//999 961//960 959//958
f  996//995 998//997 959//958 957//956
f  994//993 996//995 957//956 955//954
f  992//991 994//993 955//954 953//952
f  990//989 992//991 953//952 951//950
f  986//985 990//989 951//950 949//948
f  987//986 986//985 949//948 948//947
f  834//833 929//928 928//927 832//831
f  830//829 832//831 928//927 927//926
f  826//825 830//829 927//926 925//924
f  827//826 826//825 925//924 926//925
f  864//863 827//826 926//925 944//943
f  862//861 864//863 944//943 943//942
f  860//859 862//861 943//942 942//941
f  858//857 860//859 942//941 941//940
f  856//855 858//857 941//940 940//939
f  854//853 856//855 940//939 939//938
f  852//851 854//853 939//938 938//937
f  850//849 852//851 938//937 937//936
f  848//847 850//849 937//936 936//935
f  846//845 848//847 936//935 935//934
f  844//843 846//845 935//934 934//933
f  842//841 844//843 934//933 933//932
f  840//839 842//841 933//932 932//931
f  838//837 840//839 932//931 931//930
f  836//835 838//837 931//930 930//929
f  834//833 836//835 930//929 929//928
f  1328//1327 1365//1364 1546//1545 1547//1546
f  1365//1364 1363//1362 1548//1547 1546//1545
f  1363//1362 1361//1360 1549//1548 1548//1547
f  1361//1360 1359//1358 1550//1549 1549//1548
f  1359//1358 1357//1356 1551//1550 1550//1549
f  1357//1356 1355//1354 1552//1551 1551//1550
f  1355//1354 1353//1352 1553//1552 1552//1551
f  1353//1352 1351//1350 1554//1553 1553//1552
f  1351//1350 1349//1348 1555//1554 1554//1553
f  1349//1348 1347//1346 1556//1555 1555//1554
f  1347//1346 1345//1344 1557//1556 1556//1555
f  1345//1344 1343//1342 1558//1557 1557//1556
f  1343//1342 1341//1340 1559//1558 1558//1557
f  1341//1340 1339//1338 1560//1559 1559//1558
f  1339//1338 1337//1336 1561//1560 1560//1559
f  1337//1336 1335//1334 1562//1561 1561//1560
f  1335//1334 1333//1332 1563//1562 1562//1561
f  1333//1332 1331//1330 1564//1563 1563//1562
f  1331//1330 1329//1328 1565//1564 1564//1563
f  1329//1328 1328//1327 1547//1546 1565//1564
f  1546//1545 1548//1547 1566//1547 1567//1545
f  1548//1547 1549//1548 1568//1548 1566//1547
f  1549//1548 1550//1549 1569//1549 1568//1548
f  1550//1549 1551//1550 1570//1550 1569//1549
f  1551//1550 1552//1551 1571//1551 1570//1550
f  1552//1551 1553//1552 1572//1552 1571//1551
f  1553//1552 1554//1553 1573//1553 1572//1552
f  1554//1553 1555//1554 1574//1554 1573//1553
f  1555//1554 1556//1555 1575//1555 1574//1554
f  1556//1555 1557//1556 1576//1556 1575//1555
f  1557//1556 1558//1557 1577//1557 1576//1556
f  1558//1557 1559//1558 1578//1558 1577//1557
f  1559//1558 1560//1559 1579//1559 1578//1558
f  1560//1559 1561//1560 1580//1560 1579//1559
f  1561//1560 1562//1561 1581//1561 1580//1560
f  1562//1561 1563//1562 1582//1562 1581//1561
f  1563//1562 1564//1563 1583//1563 1582//1562
f  1564//1563 1565//1564 1584//1564 1583//1563
f  1565//1564 1547//1546 1585//1546 1584//1564
f  1547//1546 1546//1545 1567//1545 1585//1546
f  1567//1545 1566//1547 1586//1565 1587//1566
f  1566//1547 1568//1548 1588//1567 1586//1565
f  1568//1548 1569//1549 1589//1568 1588//1567
f  1569//1549 1570//1550 1590//1569 1589//1568
f  1570//1550 1571//1551 1591//1570 1590//1569
f  1571//1551 1572//1552 1592//1571 1591//1570
f  1572//1552 1573//1553 1593//1572 1592//1571
f  1573//1553 1574//1554 1594//1573 1593//1572
f  1574//1554 1575//1555 1595//1574 1594//1573
f  1575//1555 1576//1556 1596//1575 1595//1574
f  1576//1556 1577//1557 1597//1576 1596//1575
f  1577//1557 1578//1558 1598//1577 1597//1576
f  1578//1558 1579//1559 1599//1578 1598//1577
f  1579//1559 1580//1560 1600//1579 1599//1578
f  1580//1560 1581//1561 1601//1580 1600//1579
f  1581//1561 1582//1562 1602//1581 1601//1580
f  1582//1562 1583//1563 1603//1582 1602//1581
f  1583//1563 1584//1564 1604//1583 1603//1582
f  1584//1564 1585//1546 1605//1584 1604//1583
f  1585//1546 1567//1545 1587//1566 1605//1584
f  1587//1566 1586//1565 1606//1585
f  1586//1565 1588//1567 1606//1585
f  1588//1567 1589//1568 1606//1585
f  1589//1568 1590//1569 1606//1585
f  1590//1569 1591//1570 1606//1585
f  1591//1570 1592//1571 1606//1585
f  1592//1571 1593//1572 1606//1585
f  1593//1572 1594//1573 1606//1585
f  1594//1573 1595//1574 1606//1585
f  1595//1574 1596//1575 1606//1585
f  1596//1575 1597//1576 1606//1585
f  1597//1576 1598//1577 1606//1585
f  1598//1577 1599//1578 1606//1585
f  1599//1578 1600//1579 1606//1585
f  1600//1579 1601//1580 1606//1585
f  1601//1580 1602//1581 1606//1585
f  1602//1581 1603//1582 1606//1585
f  1603//1582 1604//1583 1606//1585
f  1604//1583 1605//1584 1606//1585
f  1605//1584 1587//1566 1606//1585

# Mesh 'nuts' with 576 faces
g nuts
usemtl M_Bucket
f  1607//1586 1608//1587 1609//1588 1610//1589
f  1610//1589 1609//1588 1611//1590 1612//1591
f  1612//1591 1611//1590 1613//1592 1614//1593
f  1614//1593 1613//1592 1615//1594 1616//1595
f  1616//1595 1615//1594 1617//1596 1618//1597
f  1618//1597 1617//1596 1619//1598 1620//1599
f  1620//1599 1619//1598 1621//1600 1622//1601
f  1622//1601 1621//1600 1608//1587 1607//1586
f  1608//1587 1623//1602 1624//1603 1609//1588
f  1609//1588 1624//1603 1625//1604 1611//1590
f  1611//1590 1625//1604 1626//1605 1613//1592
f  1613//1592 1626//1605 1627//1606 1615//1594
f  1615//1594 1627//1606 1628//1607 1617//1596
f  1617//1596 1628//1607 1629//1608 1619//1598
f  1619//1598 1629//1608 1630//1609 1621//1600
f  1621//1600 1630//1609 1623//1602 1608//1587
f  1623//1602 1631//1610 1632//1611 1624//1603
f  1624//1603 1632//1611 1633//1612 1625//1604
f  1625//1604 1633//1612 1634//1613 1626//1605
f  1626//1605 1634//1613 1635//1614 1627//1606
f  1627//1606 1635//1614 1636//1615 1628//1607
f  1628//1607 1636//1615 1637//1616 1629//1608
f  1629//1608 1637//1616 1638//1617 1630//1609
f  1630//1609 1638//1617 1631//1610 1623//1602
f  1631//1610 1639//1618 1632//1611
f  1632//1611 1639//1618 1633//1612
f  1633//1612 1639//1618 1634//1613
f  1634//1613 1639//1618 1635//1614
f  1635//1614 1639//1618 1636//1615
f  1636//1615 1639//1618 1637//1616
f  1637//1616 1639//1618 1638//1617
f  1638//1617 1639//1618 1631//1610
f  1640//1619 1641//1620 1642//1621 1643//1622
f  1643//1622 1642//1621 1644//1623 1645//1624
f  1645//1624 1644//1623 1646//1625 1647//1626
f  1647//1626 1646//1625 1648//1627 1649//1628
f  1649//1628 1648//1627 1650//1629 1651//1630
f  1651//1630 1650//1629 1652//1631 1653//1632
f  1653//1632 1652//1631 1654//1633 1655//1634
f  1655//1634 1654//1633 1641//1620 1640//1619
f  1641//1620 1656//1635 1657//1636 1642//1621
f  1642//1621 1657//1636 1658//1637 1644//1623
f  1644//1623 1658//1637 1659//1638 1646//1625
f  1646//1625 1659//1638 1660//1639 1648//1627
f  1648//1627 1660//1639 1661//1640 1650//1629
f  1650//1629 1661//1640 1662//1641 1652//1631
f  1652//1631 1662//1641 1663//1642 1654//1633
f  1654//1633 1663//1642 1656//1635 1641//1620
f  1656//1635 1664//1643 1665//1644 1657//1636
f  1657//1636 1665//1644 1666//1645 1658//1637
f  1658//1637 1666//1645 1667//1646 1659//1638
f  1659//1638 1667//1646 1668//1647 1660//1639
f  1660//1639 1668//1647 1669//1648 1661//1640
f  1661//1640 1669//1648 1670//1649 1662//1641
f  1662//1641 1670//1649 1671//1650 1663//1642
f  1663//1642 1671//1650 1664//1643 1656//1635
f  1664//1643 1672//1651 1665//1644
f  1665//1644 1672//1651 1666//1645
f  1666//1645 1672//1651 1667//1646
f  1667//1646 1672//1651 1668//1647
f  1668//1647 1672//1651 1669//1648
f  1669//1648 1672//1651 1670//1649
f  1670//1649 1672//1651 1671//1650
f  1671//1650 1672//1651 1664//1643
f  1673//1619 1674//1652 1675//1621 1676//1622
f  1676//1622 1675//1621 1677//1653 1678//1624
f  1678//1624 1677//1653 1679//1654 1680//1626
f  1680//1626 1679//1654 1681//1655 1682//1628
f  1682//1628 1681//1655 1683//1629 1684//1630
f  1684//1630 1683//1629 1685//1656 1686//1632
f  1686//1632 1685//1656 1687//1657 1688//1634
f  1688//1634 1687//1657 1674//1652 1673//1619
f  1674//1652 1689//1658 1690//1659 1675//1621
f  1675//1621 1690//1659 1691//1660 1677//1653
f  1677//1653 1691//1660 1692//1661 1679//1654
f  1679//1654 1692//1661 1693//1662 1681//1655
f  1681//1655 1693//1662 1694//1640 1683//1629
f  1683//1629 1694//1640 1695//1663 1685//1656
f  1685//1656 1695//1663 1696//1664 1687//1657
f  1687//1657 1696//1664 1689//1658 1674//1652
f  1689//1658 1697//1643 1698//1644 1690//1659
f  1690//1659 1698//1644 1699//1665 1691//1660
f  1691//1660 1699//1665 1700//1646 1692//1661
f  1692//1661 1700//1646 1701//1666 1693//1662
f  1693//1662 1701//1666 1702//1648 1694//1640
f  1694//1640 1702//1648 1703//1667 1695//1663
f  1695//1663 1703//1667 1704//1650 1696//1664
f  1696//1664 1704//1650 1697//1643 1689//1658
f  1697//1643 1705//1668 1698//1644
f  1698//1644 1705//1668 1699//1665
f  1699//1665 1705//1668 1700//1646
f  1700//1646 1705//1668 1701//1666
f  1701//1666 1705//1668 1702//1648
f  1702//1648 1705//1668 1703//1667
f  1703//1667 1705//1668 1704//1650
f  1704//1650 1705//1668 1697//1643
f  1706//1619 1707//1652 1708//1621 1709//1622
f  1709//1622 1708//1621 1710//1623 1711//1624
f  1711//1624 1710//1623 1712//1625 1713//1626
f  1713//1626 1712//1625 1714//1655 1715//1628
f  1715//1628 1714//1655 1716//1669 1717//1630
f  1717//1630 1716//1669 1718//1631 1719//1632
f  1719//1632 1718//1631 1720//1657 1721//1634
f  1721//1634 1720//1657 1707//1652 1706//1619
f  1707//1652 1722//1670 1723//1659 1708//1621
f  1708//1621 1723//1659 1724//1660 1710//1623
f  1710//1623 1724//1660 1725//1671 1712//1625
f  1712//1625 1725//1671 1726//1672 1714//1655
f  1714//1655 1726//1672 1727//1640 1716//1669
f  1716//1669 1727//1640 1728//1673 1718//1631
f  1718//1631 1728//1673 1729//1674 1720//1657
f  1720//1657 1729//1674 1722//1670 1707//1652
f  1722//1670 1730//1675 1731//1644 1723//1659
f  1723//1659 1731//1644 1732//1676 1724//1660
f  1724//1660 1732//1676 1733//1677 1725//1671
f  1725//1671 1733//1677 1734//1666 1726//1672
f  1726//1672 1734//1666 1735//1678 1727//1640
f  1727//1640 1735//1678 1736//1649 1728//1673
f  1728//1673 1736//1649 1737//1679 1729//1674
f  1729//1674 1737//1679 1730//1675 1722//1670
f  1730//1675 1738//1680 1731//1644
f  1731//1644 1738//1680 1732//1676
f  1732//1676 1738//1680 1733//1677
f  1733//1677 1738//1680 1734//1666
f  1734//1666 1738//1680 1735//1678
f  1735//1678 1738//1680 1736//1649
f  1736//1649 1738//1680 1737//1679
f  1737//1679 1738//1680 1730//1675
f  1739//1619 1740//1652 1741//1621 1742//1622
f  1742//1622 1741//1621 1743//1653 1744//1624
f  1744//1624 1743//1653 1745//1625 1746//1626
f  1746//1626 1745//1625 1747//1655 1748//1628
f  1748//1628 1747//1655 1749//1629 1750//1630
f  1750//1630 1749//1629 1751//1656 1752//1632
f  1752//1632 1751//1656 1753//1681 1754//1634
f  1754//1634 1753//1681 1740//1652 1739//1619
f  1740//1652 1755//1658 1756//1682 1741//1621
f  1741//1621 1756//1682 1757//1637 1743//1653
f  1743//1653 1757//1637 1758//1683 1745//1625
f  1745//1625 1758//1683 1759//1662 1747//1655
f  1747//1655 1759//1662 1760//1640 1749//1629
f  1749//1629 1760//1640 1761//1663 1751//1656
f  1751//1656 1761//1663 1762//1664 1753//1681
f  1753//1681 1762//1664 1755//1658 1740//1652
f  1755//1658 1763//1643 1764//1644 1756//1682
f  1756//1682 1764//1644 1765//1645 1757//1637
f  1757//1637 1765//1645 1766//1646 1758//1683
f  1758//1683 1766//1646 1767//1666 1759//1662
f  1759//1662 1767//1666 1768//1648 1760//1640
f  1760//1640 1768//1648 1769//1649 1761//1663
f  1761//1663 1769//1649 1770//1684 1762//1664
f  1762//1664 1770//1684 1763//1643 1755//1658
f  1763//1643 1771//1685 1764//1644
f  1764//1644 1771//1685 1765//1645
f  1765//1645 1771//1685 1766//1646
f  1766//1646 1771//1685 1767//1666
f  1767//1666 1771//1685 1768//1648
f  1768//1648 1771//1685 1769//1649
f  1769//1649 1771//1685 1770//1684
f  1770//1684 1771//1685 1763//1643
f  1772//1619 1773//1652 1774//1621 1775//1622
f  1775//1622 1774//1621 1776//1653 1777//1624
f  1777//1624 1776//1653 1778//1654 1779//1626
f  1779//1626 1778//1654 1780//1655 1781//1628
f  1781//1628 1780//1655 1782//1629 1783//1630
f  1783//1630 1782//1629 1784//1631 1785//1632
f  1785//1632 1784//1631 1786//1633 1787//1634
f  1787//1634 1786//1633 1773//1652 1772//1619
f  1773//1652 1788//1658 1789//1682 1774//1621
f  1774//1621 1789//1682 1790//1660 1776//1653
f  1776//1653 1790//1660 1791//1686 1778//1654
f  1778//1654 1791//1686 1792//1639 1780//1655
f  1780//1655 1792//1639 1793//1640 1782//1629
f  1782//1629 1793//1640 1794//1687 1784//1631
f  1784//1631 1794//1687 1795//1688 1786//1633
f  1786//1633 1795//1688 1788//1658 1773//1652
f  1788//1658 1796//1643 1797//1644 1789//1682
f  1789//1682 1797//1644 1798//1676 1790//1660
f  1790//1660 1798//1676 1799//1646 1791//1686
f  1791//1686 1799//1646 1800//1647 1792//1639
f  1792//1639 1800//1647 1801//1689 1793//1640
f  1793//1640 1801//1689 1802//1667 1794//1687
f  1794//1687 1802//1667 1803//1690 1795//1688
f  1795//1688 1803//1690 1796//1643 1788//1658
f  1796//1643 1804//1651 1797//1644
f  1797//1644 1804//1651 1798//1676
f  1798//1676 1804//1651 1799//1646
f  1799//1646 1804//1651 1800//1647
f  1800//1647 1804//1651 1801//1689
f  1801//1689 1804//1651 1802//1667
f  1802//1667 1804//1651 1803//1690
f  1803//1690 1804//1651 1796//1643
f  1805//1691 1806//1692 1807//1693 1808//1694
f  1808//1694 1807//1693 1809//1695 1810//1696
f  1810//1696 1809//1695 1811//1697 1812//1698
f  1812//1698 1811//1697 1813//1699 1814//1700
f  1814//1700 1813//1699 1815//1701 1816//1702
f  1816//1702 1815//1701 1817//1631 1818//1632
f  1818//1632 1817//1631 1819//1703 1820//1704
f  1820//1704 1819//1703 1806//1692 1805//1691
f  1806//1692 1821//1705 1822//1706 1807//1693
f  1807//1693 1822//1706 1823//1707 1809//1695
f  1809//1695 1823//1707 1824//1708 1811//1697
f  1811//1697 1824//1708 1825//1709 1813//1699
f  1813//1699 1825//1709 1826//1710 1815//1701
f  1815//1701 1826//1710 1827//1711 1817//1631
f  1817//1631 1827//1711 1828//1712 1819//1703
f  1819//1703 1828//1712 1821//1705 1806//1692
f  1821//1705 1829//1713 1830//1714 1822//1706
f  1822//1706 1830//1714 1831//1715 1823//1707
f  1823//1707 1831//1715 1832//1716 1824//1708
f  1824//1708 1832//1716 1833//1717 1825//1709
f  1825//1709 1833//1717 1834//1718 1826//1710
f  1826//1710 1834//1718 1835//1719 1827//1711
f  1827//1711 1835//1719 1836//1720 1828//1712
f  1828//1712 1836//1720 1829//1713 1821//1705
f  1829//1713 1837//1721 1830//1714
f  1830//1714 1837//1721 1831//1715
f  1831//1715 1837//1721 1832//1716
f  1832//1716 1837//1721 1833//1717
f  1833//1717 1837//1721 1834//1718
f  1834//1718 1837//1721 1835//1719
f  1835//1719 1837//1721 1836//1720
f  1836//1720 1837//1721 1829//1713
f  1838//1619 1839//1652 1840//1621 1841//1622
f  1841//1622 1840//1621 1842//1722 1843//1624
f  1843//1624 1842//1722 1844//1654 1845//1626
f  1845//1626 1844//1654 1846//1655 1847//1628
f  1847//1628 1846//1655 1848//1629 1849//1630
f  1849//1630 1848//1629 1850//1656 1851//1632
f  1851//1632 1850//1656 1852//1633 1853//1634
f  1853//1634 1852//1633 1839//1652 1838//1619
f  1839//1652 1854//1635 1855//1723 1840//1621
f  1840//1621 1855//1723 1856//1660 1842//1722
f  1842//1722 1856//1660 1857//1686 1844//1654
f  1844//1654 1857//1686 1858//1639 1846//1655
f  1846//1655 1858//1639 1859//1640 1848//1629
f  1848//1629 1859//1640 1860//1724 1850//1656
f  1850//1656 1860//1724 1861//1642 1852//1633
f  1852//1633 1861//1642 1854//1635 1839//1652
f  1854//1635 1862//1643 1863//1644 1855//1723
f  1855//1723 1863//1644 1864//1645 1856//1660
f  1856//1660 1864//1645 1865//1646 1857//1686
f  1857//1686 1865//1646 1866//1725 1858//1639
f  1858//1639 1866//1725 1867//1678 1859//1640
f  1859//1640 1867//1678 1868//1667 1860//1724
f  1860//1724 1868//1667 1869//1684 1861//1642
f  1861//1642 1869//1684 1862//1643 1854//1635
f  1862//1643 1870//1668 1863//1644
f  1863//1644 1870//1668 1864//1645
f  1864//1645 1870//1668 1865//1646
f  1865//1646 1870//1668 1866//1725
f  1866//1725 1870//1668 1867//1678
f  1867//1678 1870//1668 1868//1667
f  1868//1667 1870//1668 1869//1684
f  1869//1684 1870//1668 1862//1643
f  1871//1619 1872//1652 1873//1621 1874//1622
f  1874//1622 1873//1621 1875//1653 1876//1624
f  1876//1624 1875//1653 1877//1625 1878//1626
f  1878//1626 1877//1625 1879//1655 1880//1628
f  1880//1628 1879//1655 1881//1669 1882//1630
f  1882//1630 1881//1669 1883//1656 1884//1632
f  1884//1632 1883//1656 1885//1657 1886//1634
f  1886//1634 1885//1657 1872//1652 1871//1619
f  1872//1652 1887//1726 1888//1659 1873//1621
f  1873//1621 1888//1659 1889//1637 1875//1653
f  1875//1653 1889//1637 1890//1686 1877//1625
f  1877//1625 1890//1686 1891//1672 1879//1655
f  1879//1655 1891//1672 1892//1640 1881//1669
f  1881//1669 1892//1640 1893//1727 1883//1656
f  1883//1656 1893//1727 1894//1642 1885//1657
f  1885//1657 1894//1642 1887//1726 1872//1652
f  1887//1726 1895//1643 1896//1644 1888//1659
f  1888//1659 1896//1644 1897//1645 1889//1637
f  1889//1637 1897//1645 1898//1677 1890//1686
f  1890//1686 1898//1677 1899//1725 1891//1672
f  1891//1672 1899//1725 1900//1689 1892//1640
f  1892//1640 1900//1689 1901//1649 1893//1727
f  1893//1727 1901//1649 1902//1728 1894//1642
f  1894//1642 1902//1728 1895//1643 1887//1726
f  1895//1643 1903//1685 1896//1644
f  1896//1644 1903//1685 1897//1645
f  1897//1645 1903//1685 1898//1677
f  1898//1677 1903//1685 1899//1725
f  1899//1725 1903//1685 1900//1689
f  1900//1689 1903//1685 1901//1649
f  1901//1649 1903//1685 1902//1728
f  1902//1728 1903//1685 1895//1643
f  1904//1729 1905//1730 1906//1731 1907//1732
f  1905//1730 1908//1733 1909//1734 1906//1731
f  1908//1733 1910//1735 1911//1736 1909//1734
f  1910//1735 1912//1737 1913//1738 1911//1736
f  1912//1737 1914//1739 1915//1740 1913//1738
f  1914//1739 1916//1741 1917//1742 1915//1740
f  1916//1741 1918//1743 1919//1744 1917//1742
f  1918//1743 1904//1729 1907//1732 1919//1744
f  1907//1732 1906//1731 1920//1745 1921//1746
f  1906//1731 1909//1734 1922//1747 1920//1745
f  1909//1734 1911//1736 1923//1748 1922//1747
f  1911//1736 1913//1738 1924//1749 1923//1748
f  1913//1738 1915//1740 1925//1750 1924//1749
f  1915//1740 1917//1742 1926//1751 1925//1750
f  1917//1742 1919//1744 1927//1752 1926//1751
f  1919//1744 1907//1732 1921//1746 1927//1752
f  1921//1746 1920//1745 1928//1753 1929//1754
f  1920//1745 1922//1747 1930//1755 1928//1753
f  1922//1747 1923//1748 1931//1756 1930//1755
f  1923//1748 1924//1749 1932//1757 1931//1756
f  1924//1749 1925//1750 1933//1758 1932//1757
f  1925//1750 1926//1751 1934//1759 1933//1758
f  1926//1751 1927//1752 1935//1760 1934//1759
f  1927//1752 1921//1746 1929//1754 1935//1760
f  1929//1754 1928//1753 1936//1761
f  1928//1753 1930//1755 1936//1761
f  1930//1755 1931//1756 1936//1761
f  1931//1756 1932//1757 1936//1761
f  1932//1757 1933//1758 1936//1761
f  1933//1758 1934//1759 1936//1761
f  1934//1759 1935//1760 1936//1761
f  1935//1760 1929//1754 1936//1761
f  1937//1762 1938//1763 1939//1764 1940//1765
f  1938//1763 1941//1766 1942//1767 1939//1764
f  1941//1766 1943//1768 1944//1769 1942//1767
f  1943//1768 1945//1770 1946//1771 1944//1769
f  1945//1770 1947//1772 1948//1773 1946//1771
f  1947//1772 1949//1774 1950//1775 1948//1773
f  1949//1774 1951//1776 1952//1777 1950//1775
f  1951//1776 1937//1762 1940//1765 1952//1777
f  1940//1765 1939//1764 1953//1778 1954//1779
f  1939//1764 1942//1767 1955//1780 1953//1778
f  1942//1767 1944//1769 1956//1781 1955//1780
f  1944//1769 1946//1771 1957//1782 1956//1781
f  1946//1771 1948//1773 1958//1783 1957//1782
f  1948//1773 1950//1775 1959//1784 1958//1783
f  1950//1775 1952//1777 1960//1785 1959//1784
f  1952//1777 1940//1765 1954//1779 1960//1785
f  1954//1779 1953//1778 1961//1786 1962//1787
f  1953//1778 1955//1780 1963//1788 1961//1786
f  1955//1780 1956//1781 1964//1789 1963//1788
f  1956//1781 1957//1782 1965//1790 1964//1789
f  1957//1782 1958//1783 1966//1791 1965//1790
f  1958//1783 1959//1784 1967//1792 1966//1791
f  1959//1784 1960//1785 1968//1793 1967//1792
f  1960//1785 1954//1779 1962//1787 1968//1793
f  1962//1787 1961//1786 1969//1794
f  1961//1786 1963//1788 1969//1794
f  1963//1788 1964//1789 1969//1794
f  1964//1789 1965//1790 1969//1794
f  1965//1790 1966//1791 1969//1794
f  1966//1791 1967//1792 1969//1794
f  1967//1792 1968//1793 1969//1794
f  1968//1793 1962//1787 1969//1794
f  1970//1762 1971//1763 1972//1764 1973//1795
f  1971//1763 1974//1766 1975//1796 1972//1764
f  1974//1766 1976//1768 1977//1797 1975//1796
f  1976//1768 1978//1770 1979//1771 1977//1797
f  1978//1770 1980//1772 1981//1773 1979//1771
f  1980//1772 1982//1774 1983//1775 1981//1773
f  1982//1774 1984//1776 1985//1798 1983//1775
f  1984//1776 1970//1762 1973//1795 1985//1798
f  1973//1795 1972//1764 1986//1799 1987//1800
f  1972//1764 1975//1796 1988//1780 1986//1799
f  1975//1796 1977//1797 1989//1801 1988//1780
f  1977//1797 1979//1771 1990//1802 1989//1801
f  1979//1771 1981//1773 1991//1783 1990//1802
f  1981//1773 1983//1775 1992//1803 1991//1783
f  1983//1775 1985//1798 1993//1804 1992//1803
f  1985//1798 1973//1795 1987//1800 1993//1804
f  1987//1800 1986//1799 1994//1805 1995//1787
f  1986//1799 1988//1780 1996//1806 1994//1805
f  1988//1780 1989//1801 1997//1807 1996//1806
f  1989//1801 1990//1802 1998//1808 1997//1807
f  1990//1802 1991//1783 1999//1809 1998//1808
f  1991//1783 1992//1803 2000//1810 1999//1809
f  1992//1803 1993//1804 2001//1811 2000//1810
f  1993//1804 1987//1800 1995//1787 2001//1811
f  1995//1787 1994//1805 2002//1812
f  1994//1805 1996//1806 2002//1812
f  1996//1806 1997//1807 2002//1812
f  1997//1807 1998//1808 2002//1812
f  1998//1808 1999//1809 2002//1812
f  1999//1809 2000//1810 2002//1812
f  2000//1810 2001//1811 2002//1812
f  2001//1811 1995//1787 2002//1812
f  2003//1762 2004//1763 2005//1764 2006//1795
f  2004//1763 2007//1766 2008//1796 2005//1764
f  2007//1766 2009//1768 2010//1813 2008//1796
f  2009//1768 2011//1770 2012//1814 2010//1813
f  2011//1770 2013//1772 2014//1815 2012//1814
f  2013//1772 2015//1774 2016//1775 2014//1815
f  2015//1774 2017//1776 2018//1816 2016//1775
f  2017//1776 2003//1762 2006//1795 2018//1816
f  2006//1795 2005//1764 2019//1817 2020//1818
f  2005//1764 2008//1796 2021//1780 2019//1817
f  2008//1796 2010//1813 2022//1819 2021//1780
f  2010//1813 2012//1814 2023//1802 2022//1819
f  2012//1814 2014//1815 2024//1783 2023//1802
f  2014//1815 2016//1775 2025//1820 2024//1783
f  2016//1775 2018//1816 2026//1821 2025//1820
f  2018//1816 2006//1795 2020//1818 2026//1821
f  2020//1818 2019//1817 2027//1805 2028//1787
f  2019//1817 2021//1780 2029//1806 2027//1805
f  2021//1780 2022//1819 2030//1807 2029//1806
f  2022//1819 2023//1802 2031//1808 2030//1807
f  2023//1802 2024//1783 2032//1791 2031//1808
f  2024//1783 2025//1820 2033//1810 2032//1791
f  2025//1820 2026//1821 2034//1822 2033//1810
f  2026//1821 2020//1818 2028//1787 2034//1822
f  2028//1787 2027//1805 2035//1794
f  2027//1805 2029//1806 2035//1794
f  2029//1806 2030//1807 2035//1794
f  2030//1807 2031//1808 2035//1794
f  2031//1808 2032//1791 2035//1794
f  2032//1791 2033//1810 2035//1794
f  2033//1810 2034//1822 2035//1794
f  2034//1822 2028//1787 2035//1794
f  2036//1762 2037//1763 2038//1764 2039//1795
f  2037//1763 2040//1766 2041//1767 2038//1764
f  2040//1766 2042//1768 2043//1813 2041//1767
f  2042//1768 2044//1770 2045//1771 2043//1813
f  2044//1770 2046//1772 2047//1773 2045//1771
f  2046//1772 2048//1774 2049//1775 2047//1773
f  2048//1774 2050//1776 2051//1777 2049//1775
f  2050//1776 2036//1762 2039//1795 2051//1777
f  2039//1795 2038//1764 2052//1799 2053//1823
f  2038//1764 2041//1767 2054//1780 2052//1799
f  2041//1767 2043//1813 2055//1824 2054//1780
f  2043//1813 2045//1771 2056//1802 2055//1824
f  2045//1771 2047//1773 2057//1825 2056//1802
f  2047//1773 2049//1775 2058//1784 2057//1825
f  2049//1775 2051//1777 2059//1821 2058//1784
f  2051//1777 2039//1795 2053//1823 2059//1821
f  2053//1823 2052//1799 2060//1805 2061//1787
f  2052//1799 2054//1780 2062//1806 2060//1805
f  2054//1780 2055//1824 2063//1826 2062//1806
f  2055//1824 2056//1802 2064//1808 2063//1826
f  2056//1802 2057//1825 2065//1827 2064//1808
f  2057//1825 2058//1784 2066//1792 2065//1827
f  2058//1784 2059//1821 2067//1828 2066//1792
f  2059//1821 2053//1823 2061//1787 2067//1828
f  2061//1787 2060//1805 2068//1794
f  2060//1805 2062//1806 2068//1794
f  2062//1806 2063//1826 2068//1794
f  2063//1826 2064//1808 2068//1794
f  2064//1808 2065//1827 2068//1794
f  2065//1827 2066//1792 2068//1794
f  2066//1792 2067//1828 2068//1794
f  2067//1828 2061//1787 2068//1794
f  2069//1762 2070//1763 2071//1829 2072//1795
f  2070//1763 2073//1766 2074//1830 2071//1829
f  2073//1766 2075//1768 2076//1813 2074//1830
f  2075//1768 2077//1770 2078//1771 2076//1813
f  2077//1770 2079//1772 2080//1831 2078//1771
f  2079//1772 2081//1774 2082//1775 2080//1831
f  2081//1774 2083//1776 2084//1832 2082//1775
f  2083//1776 2069//1762 2072//1795 2084//1832
f  2072//1795 2071//1829 2085//1778 2086//1833
f  2071//1829 2074//1830 2087//1834 2085//1778
f  2074//1830 2076//1813 2088//1801 2087//1834
f  2076//1813 2078//1771 2089//1802 2088//1801
f  2078//1771 2080//1831 2090//1783 2089//1802
f  2080//1831 2082//1775 2091//1835 2090//1783
f  2082//1775 2084//1832 2092//1836 2091//1835
f  2084//1832 2072//1795 2086//1833 2092//1836
f  2086//1833 2085//1778 2093//1805 2094//1837
f  2085//1778 2087//1834 2095//1838 2093//1805
f  2087//1834 2088//1801 2096//1789 2095//1838
f  2088//1801 2089//1802 2097//1808 2096//1789
f  2089//1802 2090//1783 2098//1791 2097//1808
f  2090//1783 2091//1835 2099//1792 2098//1791
f  2091//1835 2092//1836 2100//1793 2099//1792
f  2092//1836 2086//1833 2094//1837 2100//1793
f  2094//1837 2093//1805 2101//1839
f  2093//1805 2095//1838 2101//1839
f  2095//1838 2096//1789 2101//1839
f  2096//1789 2097//1808 2101//1839
f  2097//1808 2098//1791 2101//1839
f  2098//1791 2099//1792 2101//1839
f  2099//1792 2100//1793 2101//1839
f  2100//1793 2094//1837 2101//1839
f  2102//1840 2103//1841 2104//1842 2105//1843
f  2103//1841 2106//1844 2107//1845 2104//1842
f  2106//1844 2108//1846 2109//1847 2107//1845
f  2108//1846 2110//1848 2111//1849 2109//1847
f  2110//1848 2112//1850 2113//1851 2111//1849
f  2112//1850 2114//1774 2115//1775 2113//1851
f  2114//1774 2116//1852 2117//1853 2115//1775
f  2116//1852 2102//1840 2105//1843 2117//1853
f  2105//1843 2104//1842 2118//1854 2119//1855
f  2104//1842 2107//1845 2120//1856 2118//1854
f  2107//1845 2109//1847 2121//1857 2120//1856
f  2109//1847 2111//1849 2122//1858 2121//1857
f  2111//1849 2113//1851 2123//1859 2122//1858
f  2113//1851 2115//1775 2124//1860 2123//1859
f  2115//1775 2117//1853 2125//1861 2124//1860
f  2117//1853 2105//1843 2119//1855 2125//1861
f  2119//1855 2118//1854 2126//1862 2127//1863
f  2118//1854 2120//1856 2128//1864 2126//1862
f  2120//1856 2121//1857 2129//1865 2128//1864
f  2121//1857 2122//1858 2130//1866 2129//1865
f  2122//1858 2123//1859 2131//1867 2130//1866
f  2123//1859 2124//1860 2132//1868 2131//1867
f  2124//1860 2125//1861 2133//1869 2132//1868
f  2125//1861 2119//1855 2127//1863 2133//1869
f  2127//1863 2126//1862 2134//1870
f  2126//1862 2128//1864 2134//1870
f  2128//1864 2129//1865 2134//1870
f  2129//1865 2130//1866 2134//1870
f  2130//1866 2131//1867 2134//1870
f  2131//1867 2132//1868 2134//1870
f  2132//1868 2133//1869 2134//1870
f  2133//1869 2127//1863 2134//1870
f  2135//1762 2136//1763 2137//1764 2138//1795
f  2136//1763 2139//1766 2140//1767 2137//1764
f  2139//1766 2141//1768 2142//1769 2140//1767
f  2141//1768 2143//1770 2144//1771 2142//1769
f  2143//1770 2145//1772 2146//1871 2144//1771
f  2145//1772 2147//1774 2148//1775 2146//1871
f  2147//1774 2149//1776 2150//1872 2148//1775
f  2149//1776 2135//1762 2138//1795 2150//1872
f  2138//1795 2137//1764 2151//1873 2152//1874
f  2137//1764 2140//1767 2153//1834 2151//1873
f  2140//1767 2142//1769 2154//1781 2153//1834
f  2142//1769 2144//1771 2155//1802 2154//1781
f  2144//1771 2146//1871 2156//1783 2155//1802
f  2146//1871 2148//1775 2157//1835 2156//1783
f  2148//1775 2150//1872 2158//1821 2157//1835
f  2150//1872 2138//1795 2152//1874 2158//1821
f  2152//1874 2151//1873 2159//1786 2160//1787
f  2151//1873 2153//1834 2161//1875 2159//1786
f  2153//1834 2154//1781 2162//1807 2161//1875
f  2154//1781 2155//1802 2163//1808 2162//1807
f  2155//1802 2156//1783 2164//1827 2163//1808
f  2156//1783 2157//1835 2165//1810 2164//1827
f  2157//1835 2158//1821 2166//1828 2165//1810
f  2158//1821 2152//1874 2160//1787 2166//1828
f  2160//1787 2159//1786 2167//1812
f  2159//1786 2161//1875 2167//1812
f  2161//1875 2162//1807 2167//1812
f  2162//1807 2163//1808 2167//1812
f  2163//1808 2164//1827 2167//1812
f  2164//1827 2165//1810 2167//1812
f  2165//1810 2166//1828 2167//1812
f  2166//1828 2160//1787 2167//1812
f  2168//1762 2169//1763 2170//1764 2171//1765
f  2169//1763 2172//1766 2173//1796 2170//1764
f  2172//1766 2174//1768 2175//1769 2173//1796
f  2174//1768 2176//1770 2177//1771 2175//1769
f  2176//1770 2178//1772 2179//1773 2177//1771
f  2178//1772 2180//1774 2181//1775 2179//1773
f  2180//1774 2182//1776 2183//1872 2181//1775
f  2182//1776 2168//1762 2171//1765 2183//1872
f  2171//1765 2170//1764 2184//1817 2185//1876
f  2170//1764 2173//1796 2186//1834 2184//1817
f  2173//1796 2175//1769 2187//1819 2186//1834
f  2175//1769 2177//1771 2188//1782 2187//1819
f  2177//1771 2179//1773 2189//1783 2188//1782
f  2179//1773 2181//1775 2190//1803 2189//1783
f  2181//1775 2183//1872 2191//1821 2190//1803
f  2183//1872 2171//1765 2185//1876 2191//1821
f  2185//1876 2184//1817 2192//1805 2193//1877
f  2184//1817 2186//1834 2194//1806 2192//1805
f  2186//1834 2187//1819 2195//1807 2194//1806
f  2187//1819 2188//1782 2196//1878 2195//1807
f  2188//1782 2189//1783 2197//1879 2196//1878
f  2189//1783 2190//1803 2198//1792 2197//1879
f  2190//1803 2191//1821 2199//1828 2198//1792
f  2191//1821 2185//1876 2193//1877 2199//1828
f  2193//1877 2192//1805 2200//1839
f  2192//1805 2194//1806 2200//1839
f  2194//1806 2195//1807 2200//1839
f  2195//1807 2196//1878 2200//1839
f  2196//1878 2197//1879 2200//1839
f  2197//1879 2198//1792 2200//1839
f  2198//1792 2199//1828 2200//1839
f  2199//1828 2193//1877 2200//1839

# Mesh 'nuts1' with 192 faces
g nuts1
usemtl M_Bucket
f  2201//1880 2202//1881 2203//1882 2204//1883
f  2204//1883 2203//1882 2205//1884 2206//1885
f  2206//1885 2205//1884 2207//1886 2208//1887
f  2208//1887 2207//1886 2209//1888 2210//1889
f  2210//1889 2209//1888 2211//1890 2212//1891
f  2212//1891 2211//1890 2213//1892 2214//1893
f  2214//1893 2213//1892 2215//1894 2216//1895
f  2216//1895 2215//1894 2202//1881 2201//1880
f  2202//1881 2217//1896 2218//1897 2203//1882
f  2203//1882 2218//1897 2219//1898 2205//1884
f  2205//1884 2219//1898 2220//1899 2207//1886
f  2207//1886 2220//1899 2221//1900 2209//1888
f  2209//1888 2221//1900 2222//1901 2211//1890
f  2211//1890 2222//1901 2223//1902 2213//1892
f  2213//1892 2223//1902 2224//1903 2215//1894
f  2215//1894 2224//1903 2217//1896 2202//1881
f  2217//1896 2225//1904 2226//1905 2218//1897
f  2218//1897 2226//1905 2227//1906 2219//1898
f  2219//1898 2227//1906 2228//1907 2220//1899
f  2220//1899 2228//1907 2229//1908 2221//1900
f  2221//1900 2229//1908 2230//1909 2222//1901
f  2222//1901 2230//1909 2231//1910 2223//1902
f  2223//1902 2231//1910 2232//1911 2224//1903
f  2224//1903 2232//1911 2225//1904 2217//1896
f  2225//1904 2233//1912 2226//1905
f  2226//1905 2233//1912 2227//1906
f  2227//1906 2233//1912 2228//1907
f  2228//1907 2233//1912 2229//1908
f  2229//1908 2233//1912 2230//1909
f  2230//1909 2233//1912 2231//1910
f  2231//1910 2233//1912 2232//1911
f  2232//1911 2233//1912 2225//1904
f  2234//1913 2235//1914 2236//1915 2237//1916
f  2237//1916 2236//1915 2238//1917 2239//1918
f  2239//1918 2238//1917 2240//1919 2241//1920
f  2241//1920 2240//1919 2242//1921 2243//1922
f  2243//1922 2242//1921 2244//1923 2245//1924
f  2245//1924 2244//1923 2246//1925 2247//1926
f  2247//1926 2246//1925 2248//1927 2249//1928
f  2249//1928 2248//1927 2235//1914 2234//1913
f  2235//1914 2250//1929 2251//1930 2236//1915
f  2236//1915 2251//1930 2252//1931 2238//1917
f  2238//1917 2252//1931 2253//1932 2240//1919
f  2240//1919 2253//1932 2254//1933 2242//1921
f  2242//1921 2254//1933 2255//1934 2244//1923
f  2244//1923 2255//1934 2256//1935 2246//1925
f  2246//1925 2256//1935 2257//1936 2248//1927
f  2248//1927 2257//1936 2250//1929 2235//1914
f  2250//1929 2258//1937 2259//1938 2251//1930
f  2251//1930 2259//1938 2260//1939 2252//1931
f  2252//1931 2260//1939 2261//1940 2253//1932
f  2253//1932 2261//1940 2262//1941 2254//1933
f  2254//1933 2262//1941 2263//1942 2255//1934
f  2255//1934 2263//1942 2264//1943 2256//1935
f  2256//1935 2264//1943 2265//1944 2257//1936
f  2257//1936 2265//1944 2258//1937 2250//1929
f  2258//1937 2266//1945 2259//1938
f  2259//1938 2266//1945 2260//1939
f  2260//1939 2266//1945 2261//1940
f  2261//1940 2266//1945 2262//1941
f  2262//1941 2266//1945 2263//1942
f  2263//1942 2266//1945 2264//1943
f  2264//1943 2266//1945 2265//1944
f  2265//1944 2266//1945 2258//1937
f  2267//1946 2268//1947 2269//1948 2270//1949
f  2270//1949 2269//1948 2271//1950 2272//1951
f  2272//1951 2271//1950 2273//1952 2274//1953
f  2274//1953 2273//1952 2275//1954 2276//1955
f  2276//1955 2275//1954 2277//1956 2278//1957
f  2278//1957 2277//1956 2279//1958 2280//1959
f  2280//1959 2279//1958 2281//1960 2282//1961
f  2282//1961 2281//1960 2268//1947 2267//1946
f  2268//1947 2283//1962 2284//1963 2269//1948
f  2269//1948 2284//1963 2285//1964 2271//1950
f  2271//1950 2285//1964 2286//1965 2273//1952
f  2273//1952 2286//1965 2287//1966 2275//1954
f  2275//1954 2287//1966 2288//1967 2277//1956
f  2277//1956 2288//1967 2289//1968 2279//1958
f  2279//1958 2289//1968 2290//1969 2281//1960
f  2281//1960 2290//1969 2283//1962 2268//1947
f  2283//1962 2291//1970 2292//1971 2284//1963
f  2284//1963 2292//1971 2293//1972 2285//1964
f  2285//1964 2293//1972 2294//1973 2286//1965
f  2286//1965 2294//1973 2295//1974 2287//1966
f  2287//1966 2295//1974 2296//1975 2288//1967
f  2288//1967 2296//1975 2297//1976 2289//1968
f  2289//1968 2297//1976 2298//1977 2290//1969
f  2290//1969 2298//1977 2291//1970 2283//1962
f  2291//1970 2299//1978 2292//1971
f  2292//1971 2299//1978 2293//1972
f  2293//1972 2299//1978 2294//1973
f  2294//1973 2299//1978 2295//1974
f  2295//1974 2299//1978 2296//1975
f  2296//1975 2299//1978 2297//1976
f  2297//1976 2299//1978 2298//1977
f  2298//1977 2299//1978 2291//1970
f  2300//1979 2301//1980 2302//1981 2303//1982
f  2301//1980 2304//1983 2305//1984 2302//1981
f  2304//1983 2306//1985 2307//1986 2305//1984
f  2306//1985 2308//1987 2309//1988 2307//1986
f  2308//1987 2310//1989 2311//1990 2309//1988
f  2310//1989 2312//1991 2313//1992 2311//1990
f  2312//1991 2314//1993 2315//1994 2313//1992
f  2314//1993 2300//1979 2303//1982 2315//1994
f  2303//1982 2302//1981 2316//1995 2317//1996
f  2302//1981 2305//1984 2318//1997 2316//1995
f  2305//1984 2307//1986 2319//1998 2318//1997
f  2307//1986 2309//1988 2320//1999 2319//1998
f  2309//1988 2311//1990 2321//2000 2320//1999
f  2311//1990 2313//1992 2322//2001 2321//2000
f  2313//1992 2315//1994 2323//2002 2322//2001
f  2315//1994 2303//1982 2317//1996 2323//2002
f  2317//1996 2316//1995 2324//2003 2325//2004
f  2316//1995 2318//1997 2326//2005 2324//2003
f  2318//1997 2319//1998 2327//2006 2326//2005
f  2319//1998 2320//1999 2328//2007 2327//2006
f  2320//1999 2321//2000 2329//2008 2328//2007
f  2321//2000 2322//2001 2330//2009 2329//2008
f  2322//2001 2323//2002 2331//2010 2330//2009
f  2323//2002 2317//1996 2325//2004 2331//2010
f  2325//2004 2324//2003 2332//2011
f  2324//2003 2326//2005 2332//2011
f  2326//2005 2327//2006 2332//2011
f  2327//2006 2328//2007 2332//2011
f  2328//2007 2329//2008 2332//2011
f  2329//2008 2330//2009 2332//2011
f  2330//2009 2331//2010 2332//2011
f  2331//2010 2325//2004 2332//2011
f  2333//2012 2334//2013 2335//2014 2336//2015
f  2334//2013 2337//2016 2338//2017 2335//2014
f  2337//2016 2339//2018 2340//2019 2338//2017
f  2339//2018 2341//2020 2342//2021 2340//2019
f  2341//2020 2343//2022 2344//2023 2342//2021
f  2343//2022 2345//2024 2346//2025 2344//2023
f  2345//2024 2347//2026 2348//2027 2346//2025
f  2347//2026 2333//2012 2336//2015 2348//2027
f  2336//2015 2335//2014 2349//2028 2350//2029
f  2335//2014 2338//2017 2351//2030 2349//2028
f  2338//2017 2340//2019 2352//2031 2351//2030
f  2340//2019 2342//2021 2353//2032 2352//2031
f  2342//2021 2344//2023 2354//2033 2353//2032
f  2344//2023 2346//2025 2355//2034 2354//2033
f  2346//2025 2348//2027 2356//2035 2355//2034
f  2348//2027 2336//2015 2350//2029 2356//2035
f  2350//2029 2349//2028 2357//2036 2358//2037
f  2349//2028 2351//2030 2359//2038 2357//2036
f  2351//2030 2352//2031 2360//2039 2359//2038
f  2352//2031 2353//2032 2361//2040 2360//2039
f  2353//2032 2354//2033 2362//2041 2361//2040
f  2354//2033 2355//2034 2363//2042 2362//2041
f  2355//2034 2356//2035 2364//2043 2363//2042
f  2356//2035 2350//2029 2358//2037 2364//2043
f  2358//2037 2357//2036 2365//2044
f  2357//2036 2359//2038 2365//2044
f  2359//2038 2360//2039 2365//2044
f  2360//2039 2361//2040 2365//2044
f  2361//2040 2362//2041 2365//2044
f  2362//2041 2363//2042 2365//2044
f  2363//2042 2364//2043 2365//2044
f  2364//2043 2358//2037 2365//2044
f  2366//2045 2367//2046 2368//2047 2369//2048
f  2367//2046 2370//2049 2371//2050 2368//2047
f  2370//2049 2372//2051 2373//2052 2371//2050
f  2372//2051 2374//2053 2375//2054 2373//2052
f  2374//2053 2376//2055 2377//2056 2375//2054
f  2376//2055 2378//2057 2379//2058 2377//2056
f  2378//2057 2380//2059 2381//2060 2379//2058
f  2380//2059 2366//2045 2369//2048 2381//2060
f  2369//2048 2368//2047 2382//2061 2383//2062
f  2368//2047 2371//2050 2384//2063 2382//2061
f  2371//2050 2373//2052 2385//2064 2384//2063
f  2373//2052 2375//2054 2386//2065 2385//2064
f  2375//2054 2377//2056 2387//2066 2386//2065
f  2377//2056 2379//2058 2388//2067 2387//2066
f  2379//2058 2381//2060 2389//2068 2388//2067
f  2381//2060 2369//2048 2383//2062 2389//2068
f  2383//2062 2382//2061 2390//2069 2391//2070
f  2382//2061 2384//2063 2392//2071 2390//2069
f  2384//2063 2385//2064 2393//2072 2392//2071
f  2385//2064 2386//2065 2394//2073 2393//2072
f  2386//2065 2387//2066 2395//2074 2394//2073
f  2387//2066 2388//2067 2396//2075 2395//2074
f  2388//2067 2389//2068 2397//2076 2396//2075
f  2389//2068 2383//2062 2391//2070 2397//2076
f  2391//2070 2390//2069 2398//2077
f  2390//2069 2392//2071 2398//2077
f  2392//2071 2393//2072 2398//2077
f  2393//2072 2394//2073 2398//2077
f  2394//2073 2395//2074 2398//2077
f  2395//2074 2396//2075 2398//2077
f  2396//2075 2397//2076 2398//2077
f  2397//2076 2391//2070 2398//2077

